STATIONS_ID,MESS_DATUM,QN_8,V_N_I, V_N
3254,2024-01-02 06:00:00,3,   P,8
3254,2024-01-02 07:00:00,3,   P,8
3254,2024-01-02 08:00:00,3,   P,8
3254,2024-01-02 09:00:00,3,   P,8
3254,2024-01-02 10:00:00,3,   P,8
3254,2024-01-02 11:00:00,3,   P,7
3254,2024-01-02 12:00:00,3,   P,7
3254,2024-01-02 13:00:00,3,   P,7
3254,2024-01-03 05:00:00,3,   P,7
3254,2024-01-03 06:00:00,3,   P,7
3254,2024-01-03 07:00:00,3,   P,7
3254,2024-01-03 08:00:00,3,   P,7
3254,2024-01-03 09:00:00,3,   P,7
3254,2024-01-03 10:00:00,3,   P,7
3254,2024-01-03 11:00:00,3,   P,7
3254,2024-01-03 12:00:00,3,   P,7
3254,2024-01-03 13:00:00,3,   P,8
3254,2024-01-03 14:00:00,3,   P,7
3254,2024-01-03 15:00:00,3,   P,6
3254,2024-01-04 08:00:00,3,   P,7
3254,2024-01-04 09:00:00,3,   P,6
3254,2024-01-04 10:00:00,3,   P,7
3254,2024-01-04 11:00:00,3,   P,7
3254,2024-01-04 12:00:00,3,   P,7
3254,2024-01-04 13:00:00,3,   P,7
3254,2024-01-04 14:00:00,3,   P,7
3254,2024-01-04 15:00:00,3,   P,7
3254,2024-01-05 05:00:00,3,   P,8
3254,2024-01-05 06:00:00,3,   P,8
3254,2024-01-05 07:00:00,3,   P,8
3254,2024-01-05 08:00:00,3,   P,8
3254,2024-01-05 09:00:00,3,   P,7
3254,2024-01-05 10:00:00,3,   P,8
3254,2024-01-05 11:00:00,3,   P,7
3254,2024-01-05 12:00:00,3,   P,7
3254,2024-01-08 05:00:00,3,   P,8
3254,2024-01-08 06:00:00,3,   P,8
3254,2024-01-08 07:00:00,3,   P,8
3254,2024-01-08 08:00:00,3,   P,8
3254,2024-01-08 09:00:00,3,   P,7
3254,2024-01-08 10:00:00,3,   P,7
3254,2024-01-08 11:00:00,3,   P,3
3254,2024-01-08 12:00:00,3,   P,2
3254,2024-01-09 05:00:00,3,   P,1
3254,2024-01-09 06:00:00,3,   P,1
3254,2024-01-09 07:00:00,3,   P,0
3254,2024-01-09 08:00:00,3,   P,0
3254,2024-01-09 09:00:00,3,   P,0
3254,2024-01-09 10:00:00,3,   P,0
3254,2024-01-09 11:00:00,3,   P,0
3254,2024-01-09 12:00:00,3,   P,0
3254,2024-01-09 13:00:00,3,   P,0
3254,2024-01-09 14:00:00,3,   P,0
3254,2024-01-09 15:00:00,3,   P,0
3254,2024-01-10 05:00:00,3,   P,0
3254,2024-01-10 06:00:00,3,   P,0
3254,2024-01-10 07:00:00,3,   P,1
3254,2024-01-10 08:00:00,3,   P,1
3254,2024-01-10 09:00:00,3,   P,1
3254,2024-01-10 10:00:00,3,   P,1
3254,2024-01-10 11:00:00,3,   P,1
3254,2024-01-10 12:00:00,3,   P,1
3254,2024-01-10 13:00:00,3,   P,1
3254,2024-01-10 14:00:00,3,   P,1
3254,2024-01-10 15:00:00,3,   P,1
3254,2024-01-11 06:00:00,3,   P,1
3254,2024-01-11 07:00:00,3,   P,8
3254,2024-01-11 08:00:00,3,   P,8
3254,2024-01-11 09:00:00,3,   P,8
3254,2024-01-11 10:00:00,3,   P,8
3254,2024-01-11 11:00:00,3,   P,8
3254,2024-01-11 12:00:00,3,   P,8
3254,2024-01-11 13:00:00,3,   P,8
3254,2024-01-12 05:00:00,3,   P,8
3254,2024-01-12 06:00:00,3,   P,8
3254,2024-01-12 07:00:00,3,   P,8
3254,2024-01-12 08:00:00,3,   P,7
3254,2024-01-12 09:00:00,3,   P,7
3254,2024-01-12 10:00:00,3,   P,8
3254,2024-01-12 11:00:00,3,   P,8
3254,2024-01-12 12:00:00,3,   P,7
3254,2024-01-15 05:00:00,3,   P,7
3254,2024-01-15 06:00:00,3,   P,7
3254,2024-01-15 07:00:00,3,   P,7
3254,2024-01-15 08:00:00,3,   P,7
3254,2024-01-15 09:00:00,3,   P,7
3254,2024-01-15 10:00:00,3,   P,7
3254,2024-01-15 11:00:00,3,   P,7
3254,2024-01-15 12:00:00,3,   P,7
3254,2024-01-15 13:00:00,3,   P,7
3254,2024-01-15 14:00:00,3,   P,7
3254,2024-01-15 15:00:00,3,   P,5
3254,2024-01-16 05:00:00,3,   P,7
3254,2024-01-16 06:00:00,3,   P,7
3254,2024-01-16 07:00:00,3,   P,7
3254,2024-01-16 08:00:00,3,   P,7
3254,2024-01-16 09:00:00,3,   P,7
3254,2024-01-16 10:00:00,3,   P,7
3254,2024-01-16 11:00:00,3,   P,7
3254,2024-01-16 12:00:00,3,   P,7
3254,2024-01-16 13:00:00,3,   P,7
3254,2024-01-16 14:00:00,3,   P,7
3254,2024-01-16 15:00:00,3,   P,6
3254,2024-01-17 06:00:00,3,   P,8
3254,2024-01-17 07:00:00,3,   P,7
3254,2024-01-17 08:00:00,3,   P,7
3254,2024-01-17 09:00:00,3,   P,7
3254,2024-01-17 10:00:00,3,   P,7
3254,2024-01-17 11:00:00,3,   P,7
3254,2024-01-17 12:00:00,3,   P,7
3254,2024-01-17 13:00:00,3,   P,7
3254,2024-01-18 05:00:00,3,   P,1
3254,2024-01-18 06:00:00,3,   P,3
3254,2024-01-18 07:00:00,3,   P,2
3254,2024-01-18 08:00:00,3,   P,1
3254,2024-01-18 09:00:00,3,   P,1
3254,2024-01-18 10:00:00,3,   P,2
3254,2024-01-18 11:00:00,3,   P,1
3254,2024-01-18 12:00:00,3,   P,2
3254,2024-01-18 13:00:00,3,   P,4
3254,2024-01-18 14:00:00,3,   P,2
3254,2024-01-18 15:00:00,3,   P,1
3254,2024-01-19 05:00:00,3,   P,7
3254,2024-01-19 06:00:00,3,   P,5
3254,2024-01-19 07:00:00,3,   P,7
3254,2024-01-19 08:00:00,3,   P,3
3254,2024-01-19 09:00:00,3,   P,3
3254,2024-01-19 10:00:00,3,   P,1
3254,2024-01-19 11:00:00,3,   P,1
3254,2024-01-19 12:00:00,3,   P,3
3254,2024-01-22 05:00:00,3,   P,8
3254,2024-01-22 06:00:00,3,   P,8
3254,2024-01-22 07:00:00,3,   P,8
3254,2024-01-22 08:00:00,3,   P,8
3254,2024-01-22 09:00:00,3,   P,8
3254,2024-01-22 10:00:00,3,   P,8
3254,2024-01-22 11:00:00,3,   P,7
3254,2024-01-22 12:00:00,3,   P,4
3254,2024-01-22 13:00:00,3,   P,5
3254,2024-01-22 14:00:00,3,   P,5
3254,2024-01-22 15:00:00,3,   P,5
3254,2024-01-23 05:00:00,3,   P,8
3254,2024-01-23 06:00:00,3,   P,8
3254,2024-01-23 07:00:00,3,   P,8
3254,2024-01-23 08:00:00,3,   P,7
3254,2024-01-23 09:00:00,3,   P,7
3254,2024-01-23 10:00:00,3,   P,3
3254,2024-01-23 11:00:00,3,   P,6
3254,2024-01-23 12:00:00,3,   P,7
3254,2024-01-23 13:00:00,3,   P,6
3254,2024-01-23 14:00:00,3,   P,7
3254,2024-01-23 15:00:00,3,   P,8
3254,2024-01-24 05:00:00,3,   P,8
3254,2024-01-24 06:00:00,3,   P,8
3254,2024-01-24 07:00:00,3,   P,8
3254,2024-01-24 08:00:00,3,   P,8
3254,2024-01-24 09:00:00,3,   P,7
3254,2024-01-24 10:00:00,3,   P,7
3254,2024-01-24 11:00:00,3,   P,7
3254,2024-01-24 12:00:00,3,   P,7
3254,2024-01-24 13:00:00,3,   P,7
3254,2024-01-24 14:00:00,3,   P,7
3254,2024-01-24 15:00:00,3,   P,7
3254,2024-01-25 06:00:00,3,   P,0
3254,2024-01-25 07:00:00,3,   P,2
3254,2024-01-25 08:00:00,3,   P,6
3254,2024-01-25 09:00:00,3,   P,7
3254,2024-01-25 10:00:00,3,   P,7
3254,2024-01-25 11:00:00,3,   P,7
3254,2024-01-25 12:00:00,3,   P,7
3254,2024-01-25 13:00:00,3,   P,7
3254,2024-01-26 05:00:00,3,   P,8
3254,2024-01-26 06:00:00,3,   P,8
3254,2024-01-26 07:00:00,3,   P,8
3254,2024-01-26 08:00:00,3,   P,8
3254,2024-01-26 09:00:00,3,   P,8
3254,2024-01-26 10:00:00,3,   P,8
3254,2024-01-26 11:00:00,3,   P,7
3254,2024-01-26 12:00:00,3,   P,7
3254,2024-01-29 06:00:00,3,   P,3
3254,2024-01-29 07:00:00,3,   P,4
3254,2024-01-29 08:00:00,3,   P,6
3254,2024-01-29 09:00:00,3,   P,6
3254,2024-01-29 10:00:00,3,   P,6
3254,2024-01-29 11:00:00,3,   P,6
3254,2024-01-29 12:00:00,3,   P,6
3254,2024-01-29 13:00:00,3,   P,7
3254,2024-01-30 06:00:00,3,   P,7
3254,2024-01-30 07:00:00,3,   P,7
3254,2024-01-30 08:00:00,3,   P,7
3254,2024-01-30 09:00:00,3,   P,7
3254,2024-01-30 10:00:00,3,   P,7
3254,2024-01-30 11:00:00,3,   P,7
3254,2024-01-30 12:00:00,3,   P,8
3254,2024-01-30 13:00:00,3,   P,7
3254,2024-01-31 06:00:00,3,   P,8
3254,2024-01-31 07:00:00,3,   P,7
3254,2024-01-31 08:00:00,3,   P,7
3254,2024-01-31 09:00:00,3,   P,8
3254,2024-01-31 10:00:00,3,   P,8
3254,2024-01-31 11:00:00,3,   P,7
3254,2024-01-31 12:00:00,3,   P,8
3254,2024-01-31 13:00:00,3,   P,7
3254,2024-02-01 06:00:00,3,   P,1
3254,2024-02-01 07:00:00,3,   P,0
3254,2024-02-01 08:00:00,3,   P,0
3254,2024-02-01 09:00:00,3,   P,1
3254,2024-02-01 10:00:00,3,   P,1
3254,2024-02-01 11:00:00,3,   P,2
3254,2024-02-01 12:00:00,3,   P,3
3254,2024-02-01 13:00:00,3,   P,2
3254,2024-02-02 06:00:00,3,   P,8
3254,2024-02-02 07:00:00,3,   P,7
3254,2024-02-02 08:00:00,3,   P,7
3254,2024-02-02 09:00:00,3,   P,8
3254,2024-02-02 10:00:00,3,   P,8
3254,2024-02-02 11:00:00,3,   P,7
3254,2024-02-05 05:00:00,3,   P,7
3254,2024-02-05 06:00:00,3,   P,7
3254,2024-02-05 07:00:00,3,   P,7
3254,2024-02-05 08:00:00,3,   P,8
3254,2024-02-05 09:00:00,3,   P,8
3254,2024-02-05 10:00:00,3,   P,8
3254,2024-02-05 11:00:00,3,   P,7
3254,2024-02-05 12:00:00,3,   P,7
3254,2024-02-05 13:00:00,3,   P,7
3254,2024-02-05 14:00:00,3,   P,7
3254,2024-02-05 15:00:00,3,   P,7
3254,2024-02-06 05:00:00,3,   P,8
3254,2024-02-06 06:00:00,3,   P,8
3254,2024-02-06 07:00:00,3,   P,8
3254,2024-02-06 08:00:00,3,   P,8
3254,2024-02-06 09:00:00,3,   P,8
3254,2024-02-06 10:00:00,3,   P,7
3254,2024-02-06 11:00:00,3,   P,8
3254,2024-02-06 12:00:00,3,   P,8
3254,2024-02-06 13:00:00,3,   P,8
3254,2024-02-06 14:00:00,3,   P,7
3254,2024-02-06 15:00:00,3,   P,8
3254,2024-02-07 05:00:00,3,   P,8
3254,2024-02-07 06:00:00,3,   P,8
3254,2024-02-07 07:00:00,3,   P,7
3254,2024-02-07 08:00:00,3,   P,7
3254,2024-02-07 09:00:00,3,   P,7
3254,2024-02-07 10:00:00,3,   P,7
3254,2024-02-07 11:00:00,3,   P,7
3254,2024-02-07 12:00:00,3,   P,5
3254,2024-02-07 13:00:00,3,   P,6
3254,2024-02-07 14:00:00,3,   P,6
3254,2024-02-07 15:00:00,3,   P,7
3254,2024-02-08 06:00:00,3,   P,8
3254,2024-02-08 07:00:00,3,   P,8
3254,2024-02-08 08:00:00,3,   P,8
3254,2024-02-08 09:00:00,3,   P,7
3254,2024-02-08 10:00:00,3,   P,7
3254,2024-02-08 11:00:00,3,   P,8
3254,2024-02-08 12:00:00,3,   P,8
3254,2024-02-08 13:00:00,3,   P,8
3254,2024-02-09 05:00:00,3,   P,8
3254,2024-02-09 06:00:00,3,   P,8
3254,2024-02-09 07:00:00,3,   P,8
3254,2024-02-09 08:00:00,3,   P,8
3254,2024-02-09 09:00:00,3,   P,8
3254,2024-02-09 10:00:00,3,   P,8
3254,2024-02-09 11:00:00,3,   P,8
3254,2024-02-09 12:00:00,3,   P,7
3254,2024-02-12 06:00:00,3,   P,8
3254,2024-02-12 07:00:00,3,   P,8
3254,2024-02-12 08:00:00,3,   P,8
3254,2024-02-12 09:00:00,3,   P,8
3254,2024-02-12 10:00:00,3,   P,7
3254,2024-02-12 11:00:00,3,   P,7
3254,2024-02-12 12:00:00,3,   P,7
3254,2024-02-12 13:00:00,3,   P,7
3254,2024-02-13 05:00:00,3,   P,7
3254,2024-02-13 06:00:00,3,   P,7
3254,2024-02-13 07:00:00,3,   P,7
3254,2024-02-13 08:00:00,3,   P,7
3254,2024-02-13 09:00:00,3,   P,7
3254,2024-02-13 10:00:00,3,   P,7
3254,2024-02-13 11:00:00,3,   P,7
3254,2024-02-13 12:00:00,3,   P,7
3254,2024-02-13 13:00:00,3,   P,7
3254,2024-02-13 14:00:00,3,   P,7
3254,2024-02-13 15:00:00,3,   P,7
3254,2024-02-14 05:00:00,3,   P,8
3254,2024-02-14 06:00:00,3,   P,8
3254,2024-02-14 07:00:00,3,   P,8
3254,2024-02-14 08:00:00,3,   P,8
3254,2024-02-14 09:00:00,3,   P,8
3254,2024-02-14 10:00:00,3,   P,8
3254,2024-02-14 11:00:00,3,   P,8
3254,2024-02-14 12:00:00,3,   P,8
3254,2024-02-14 13:00:00,3,   P,8
3254,2024-02-14 14:00:00,3,   P,8
3254,2024-02-14 15:00:00,3,   P,8
3254,2024-02-15 05:00:00,3,   P,8
3254,2024-02-15 06:00:00,3,   P,8
3254,2024-02-15 07:00:00,3,   P,8
3254,2024-02-15 08:00:00,3,   P,8
3254,2024-02-15 09:00:00,3,   P,8
3254,2024-02-15 10:00:00,3,   P,8
3254,2024-02-15 11:00:00,3,   P,8
3254,2024-02-15 12:00:00,3,   P,8
3254,2024-02-15 13:00:00,3,   P,8
3254,2024-02-15 14:00:00,3,   P,8
3254,2024-02-15 15:00:00,3,   P,8
3254,2024-02-16 05:00:00,3,   P,7
3254,2024-02-16 06:00:00,3,   P,7
3254,2024-02-16 07:00:00,3,   P,7
3254,2024-02-16 08:00:00,3,   P,7
3254,2024-02-16 09:00:00,3,   P,7
3254,2024-02-16 10:00:00,3,   P,7
3254,2024-02-16 11:00:00,3,   P,7
3254,2024-02-16 12:00:00,3,   P,7
3254,2024-02-19 05:00:00,3,   P,8
3254,2024-02-19 06:00:00,3,   P,7
3254,2024-02-19 07:00:00,3,   P,7
3254,2024-02-19 08:00:00,3,   P,7
3254,2024-02-19 09:00:00,3,   P,7
3254,2024-02-19 10:00:00,3,   P,7
3254,2024-02-19 11:00:00,3,   P,8
3254,2024-02-19 12:00:00,3,   P,8
3254,2024-02-19 13:00:00,3,   P,7
3254,2024-02-19 14:00:00,3,   P,8
3254,2024-02-19 15:00:00,3,   P,8
3254,2024-02-20 06:00:00,3,   P,8
3254,2024-02-20 07:00:00,3,   P,7
3254,2024-02-20 08:00:00,3,   P,7
3254,2024-02-20 09:00:00,3,   P,7
3254,2024-02-20 10:00:00,3,   P,7
3254,2024-02-20 11:00:00,3,   P,7
3254,2024-02-20 12:00:00,3,   P,7
3254,2024-02-20 13:00:00,3,   P,7
3254,2024-02-21 06:00:00,3,   P,8
3254,2024-02-21 07:00:00,3,   P,8
3254,2024-02-21 08:00:00,3,   P,8
3254,2024-02-21 09:00:00,3,   P,8
3254,2024-02-21 10:00:00,3,   P,7
3254,2024-02-21 11:00:00,3,   P,7
3254,2024-02-21 12:00:00,3,   P,8
3254,2024-02-21 13:00:00,3,   P,8
3254,2024-02-22 05:00:00,3,   P,8
3254,2024-02-22 06:00:00,3,   P,8
3254,2024-02-22 07:00:00,3,   P,8
3254,2024-02-22 08:00:00,3,   P,6
3254,2024-02-22 09:00:00,3,   P,7
3254,2024-02-22 10:00:00,3,   P,7
3254,2024-02-22 11:00:00,3,   P,7
3254,2024-02-22 12:00:00,3,   P,7
3254,2024-02-22 13:00:00,3,   P,7
3254,2024-02-22 14:00:00,3,   P,7
3254,2024-02-22 15:00:00,3,   P,8
3254,2024-02-23 05:00:00,3,   P,7
3254,2024-02-23 06:00:00,3,   P,7
3254,2024-02-23 07:00:00,3,   P,7
3254,2024-02-23 08:00:00,3,   P,6
3254,2024-02-23 09:00:00,3,   P,7
3254,2024-02-23 10:00:00,3,   P,7
3254,2024-02-23 11:00:00,3,   P,7
3254,2024-02-23 12:00:00,3,   P,7
3254,2024-02-26 06:00:00,3,   P,8
3254,2024-02-26 07:00:00,3,   P,8
3254,2024-02-26 08:00:00,3,   P,8
3254,2024-02-26 09:00:00,3,   P,8
3254,2024-02-26 10:00:00,3,   P,8
3254,2024-02-26 11:00:00,3,   P,8
3254,2024-02-26 12:00:00,3,   P,8
3254,2024-02-26 13:00:00,3,   P,8
3254,2024-02-27 06:00:00,3,   P,8
3254,2024-02-27 07:00:00,3,   P,8
3254,2024-02-27 08:00:00,3,   P,8
3254,2024-02-27 09:00:00,3,   P,8
3254,2024-02-27 10:00:00,3,   P,8
3254,2024-02-27 11:00:00,3,   P,8
3254,2024-02-27 12:00:00,3,   P,8
3254,2024-02-27 13:00:00,3,   P,8
3254,2024-02-28 06:00:00,3,   P,8
3254,2024-02-28 07:00:00,3,   P,8
3254,2024-02-28 08:00:00,3,   P,8
3254,2024-02-28 09:00:00,3,   P,8
3254,2024-02-28 10:00:00,3,   P,8
3254,2024-02-28 11:00:00,3,   P,8
3254,2024-02-28 12:00:00,3,   P,8
3254,2024-02-28 13:00:00,3,   P,8
3254,2024-02-29 05:00:00,3,   P,8
3254,2024-02-29 06:00:00,3,   P,7
3254,2024-02-29 07:00:00,3,   P,7
3254,2024-02-29 08:00:00,3,   P,7
3254,2024-02-29 09:00:00,3,   P,7
3254,2024-02-29 10:00:00,3,   P,7
3254,2024-02-29 11:00:00,3,   P,7
3254,2024-02-29 12:00:00,3,   P,7
3254,2024-02-29 13:00:00,3,   P,8
3254,2024-02-29 14:00:00,3,   P,8
3254,2024-02-29 15:00:00,3,   P,8
3254,2024-03-01 05:00:00,3,   P,7
3254,2024-03-01 06:00:00,3,   P,7
3254,2024-03-01 07:00:00,3,   P,8
3254,2024-03-01 08:00:00,3,   P,8
3254,2024-03-01 09:00:00,3,   P,8
3254,2024-03-01 10:00:00,3,   P,7
3254,2024-03-01 11:00:00,3,   P,7
3254,2024-03-01 12:00:00,3,   P,7
3254,2024-03-04 05:00:00,3,   P,7
3254,2024-03-04 06:00:00,3,   P,-1
3254,2024-03-04 07:00:00,3,   P,-1
3254,2024-03-04 08:00:00,3,   P,-1
3254,2024-03-04 09:00:00,3,   P,-1
3254,2024-03-04 10:00:00,3,   P,8
3254,2024-03-04 11:00:00,3,   P,8
3254,2024-03-04 12:00:00,3,   P,8
3254,2024-03-04 13:00:00,3,   P,8
3254,2024-03-04 14:00:00,3,   P,8
3254,2024-03-04 15:00:00,3,   P,8
3254,2024-03-05 06:00:00,3,   P,7
3254,2024-03-05 07:00:00,3,   P,8
3254,2024-03-05 08:00:00,3,   P,8
3254,2024-03-05 09:00:00,3,   P,7
3254,2024-03-05 10:00:00,3,   P,8
3254,2024-03-05 11:00:00,3,   P,8
3254,2024-03-05 12:00:00,3,   P,8
3254,2024-03-05 13:00:00,3,   P,8
3254,2024-03-06 06:00:00,3,   P,8
3254,2024-03-06 07:00:00,3,   P,8
3254,2024-03-06 08:00:00,3,   P,8
3254,2024-03-06 09:00:00,3,   P,8
3254,2024-03-06 10:00:00,3,   P,8
3254,2024-03-06 11:00:00,3,   P,8
3254,2024-03-06 12:00:00,3,   P,8
3254,2024-03-06 13:00:00,3,   P,7
3254,2024-03-07 06:00:00,3,   P,1
3254,2024-03-07 07:00:00,3,   P,2
3254,2024-03-07 08:00:00,3,   P,7
3254,2024-03-07 09:00:00,3,   P,7
3254,2024-03-07 10:00:00,3,   P,5
3254,2024-03-07 11:00:00,3,   P,7
3254,2024-03-07 12:00:00,3,   P,8
3254,2024-03-07 13:00:00,3,   P,7
3254,2024-03-08 06:00:00,3,   P,0
3254,2024-03-08 07:00:00,3,   P,0
3254,2024-03-08 08:00:00,3,   P,0
3254,2024-03-08 09:00:00,3,   P,0
3254,2024-03-08 10:00:00,3,   P,0
3254,2024-03-08 11:00:00,3,   P,0
3254,2024-03-11 05:00:00,3,   P,8
3254,2024-03-11 06:00:00,3,   P,8
3254,2024-03-11 07:00:00,3,   P,8
3254,2024-03-11 08:00:00,3,   P,8
3254,2024-03-11 09:00:00,3,   P,8
3254,2024-03-11 10:00:00,3,   P,7
3254,2024-03-11 11:00:00,3,   P,8
3254,2024-03-11 12:00:00,3,   P,8
3254,2024-03-11 13:00:00,3,   P,8
3254,2024-03-11 14:00:00,3,   P,8
3254,2024-03-11 15:00:00,3,   P,7
3254,2024-03-12 05:00:00,3,   P,8
3254,2024-03-12 06:00:00,3,   P,8
3254,2024-03-12 07:00:00,3,   P,8
3254,2024-03-12 08:00:00,3,   P,8
3254,2024-03-12 09:00:00,3,   P,8
3254,2024-03-12 10:00:00,3,   P,8
3254,2024-03-12 11:00:00,3,   P,8
3254,2024-03-12 12:00:00,3,   P,8
3254,2024-03-12 13:00:00,3,   P,8
3254,2024-03-12 14:00:00,3,   P,8
3254,2024-03-12 15:00:00,3,   P,8
3254,2024-03-13 06:00:00,3,   P,8
3254,2024-03-13 07:00:00,3,   P,8
3254,2024-03-13 08:00:00,3,   P,8
3254,2024-03-13 09:00:00,3,   P,8
3254,2024-03-13 10:00:00,3,   P,8
3254,2024-03-13 11:00:00,3,   P,8
3254,2024-03-13 12:00:00,3,   P,8
3254,2024-03-13 13:00:00,3,   P,8
3254,2024-03-14 06:00:00,3,   P,7
3254,2024-03-14 07:00:00,3,   P,7
3254,2024-03-14 08:00:00,3,   P,7
3254,2024-03-14 09:00:00,3,   P,6
3254,2024-03-14 10:00:00,3,   P,7
3254,2024-03-14 11:00:00,3,   P,7
3254,2024-03-14 12:00:00,3,   P,7
3254,2024-03-14 13:00:00,3,   P,6
3254,2024-03-15 05:00:00,3,   P,7
3254,2024-03-15 06:00:00,3,   P,7
3254,2024-03-15 07:00:00,3,   P,7
3254,2024-03-15 08:00:00,3,   P,7
3254,2024-03-15 09:00:00,3,   P,7
3254,2024-03-15 10:00:00,3,   P,7
3254,2024-03-15 11:00:00,3,   P,7
3254,2024-03-15 12:00:00,3,   P,7
3254,2024-03-18 05:00:00,3,   P,8
3254,2024-03-18 06:00:00,3,   P,8
3254,2024-03-18 07:00:00,3,   P,8
3254,2024-03-18 08:00:00,3,   P,8
3254,2024-03-18 09:00:00,3,   P,8
3254,2024-03-18 10:00:00,3,   P,8
3254,2024-03-18 11:00:00,3,   P,8
3254,2024-03-18 12:00:00,3,   P,8
3254,2024-03-18 13:00:00,3,   P,8
3254,2024-03-18 14:00:00,3,   P,8
3254,2024-03-18 15:00:00,3,   P,8
3254,2024-03-19 05:00:00,3,   P,8
3254,2024-03-19 06:00:00,3,   P,8
3254,2024-03-19 07:00:00,3,   P,8
3254,2024-03-19 08:00:00,3,   P,7
3254,2024-03-19 09:00:00,3,   P,7
3254,2024-03-19 10:00:00,3,   P,7
3254,2024-03-19 11:00:00,3,   P,7
3254,2024-03-19 12:00:00,3,   P,7
3254,2024-03-19 13:00:00,3,   P,7
3254,2024-03-19 14:00:00,3,   P,7
3254,2024-03-19 15:00:00,3,   P,6
3254,2024-03-20 06:00:00,3,   P,7
3254,2024-03-20 07:00:00,3,   P,7
3254,2024-03-20 08:00:00,3,   P,7
3254,2024-03-20 09:00:00,3,   P,7
3254,2024-03-20 10:00:00,3,   P,7
3254,2024-03-20 11:00:00,3,   P,7
3254,2024-03-20 12:00:00,3,   P,7
3254,2024-03-20 13:00:00,3,   P,7
3254,2024-03-21 06:00:00,3,   P,8
3254,2024-03-21 07:00:00,3,   P,7
3254,2024-03-21 08:00:00,3,   P,7
3254,2024-03-21 09:00:00,3,   P,7
3254,2024-03-21 10:00:00,3,   P,7
3254,2024-03-21 11:00:00,3,   P,7
3254,2024-03-21 12:00:00,3,   P,7
3254,2024-03-21 13:00:00,3,   P,7
3254,2024-03-22 05:00:00,3,   P,8
3254,2024-03-22 06:00:00,3,   P,8
3254,2024-03-22 07:00:00,3,   P,8
3254,2024-03-22 08:00:00,3,   P,8
3254,2024-03-22 09:00:00,3,   P,8
3254,2024-03-22 10:00:00,3,   P,8
3254,2024-03-22 11:00:00,3,   P,8
3254,2024-03-22 12:00:00,3,   P,8
3254,2024-03-25 05:00:00,3,   P,7
3254,2024-03-25 06:00:00,3,   P,7
3254,2024-03-25 07:00:00,3,   P,6
3254,2024-03-25 08:00:00,3,   P,5
3254,2024-03-25 09:00:00,3,   P,7
3254,2024-03-25 10:00:00,3,   P,6
3254,2024-03-25 11:00:00,3,   P,7
3254,2024-03-25 12:00:00,3,   P,6
3254,2024-03-25 13:00:00,3,   P,6
3254,2024-03-25 14:00:00,3,   P,7
3254,2024-03-25 15:00:00,3,   P,6
3254,2024-03-26 06:00:00,3,   P,7
3254,2024-03-26 07:00:00,3,   P,6
3254,2024-03-26 08:00:00,3,   P,6
3254,2024-03-26 09:00:00,3,   P,6
3254,2024-03-26 10:00:00,3,   P,7
3254,2024-03-26 11:00:00,3,   P,7
3254,2024-03-26 12:00:00,3,   P,7
3254,2024-03-26 13:00:00,3,   P,7
3254,2024-03-27 06:00:00,3,   P,7
3254,2024-03-27 07:00:00,3,   P,7
3254,2024-03-27 08:00:00,3,   P,7
3254,2024-03-27 09:00:00,3,   P,7
3254,2024-03-27 10:00:00,3,   P,7
3254,2024-03-27 11:00:00,3,   P,7
3254,2024-03-27 12:00:00,3,   P,7
3254,2024-03-27 13:00:00,3,   P,8
3254,2024-03-28 06:00:00,3,   P,7
3254,2024-03-28 07:00:00,3,   P,7
3254,2024-03-28 08:00:00,3,   P,7
3254,2024-03-28 09:00:00,3,   P,7
3254,2024-03-28 10:00:00,3,   P,6
3254,2024-03-28 11:00:00,3,   P,7
3254,2024-03-28 12:00:00,3,   P,8
3254,2024-03-28 13:00:00,3,   P,8
3254,2024-04-02 04:00:00,3,   P,1
3254,2024-04-02 05:00:00,3,   P,1
3254,2024-04-02 06:00:00,3,   P,2
3254,2024-04-02 07:00:00,3,   P,5
3254,2024-04-02 08:00:00,3,   P,7
3254,2024-04-02 09:00:00,3,   P,7
3254,2024-04-02 10:00:00,3,   P,7
3254,2024-04-02 11:00:00,3,   P,5
3254,2024-04-02 12:00:00,3,   P,7
3254,2024-04-02 13:00:00,3,   P,7
3254,2024-04-02 14:00:00,3,   P,7
3254,2024-04-03 04:00:00,3,   P,8
3254,2024-04-03 05:00:00,3,   P,8
3254,2024-04-03 06:00:00,3,   P,8
3254,2024-04-03 07:00:00,3,   P,8
3254,2024-04-03 08:00:00,3,   P,8
3254,2024-04-03 09:00:00,3,   P,8
3254,2024-04-03 10:00:00,3,   P,8
3254,2024-04-03 11:00:00,3,   P,8
3254,2024-04-03 12:00:00,3,   P,8
3254,2024-04-03 13:00:00,3,   P,8
3254,2024-04-03 14:00:00,3,   P,7
3254,2024-04-04 04:00:00,3,   P,7
3254,2024-04-04 05:00:00,3,   P,7
3254,2024-04-04 06:00:00,3,   P,8
3254,2024-04-04 07:00:00,3,   P,8
3254,2024-04-04 08:00:00,3,   P,8
3254,2024-04-04 09:00:00,3,   P,8
3254,2024-04-04 10:00:00,3,   P,7
3254,2024-04-04 11:00:00,3,   P,7
3254,2024-04-04 12:00:00,3,   P,7
3254,2024-04-04 13:00:00,3,   P,6
3254,2024-04-04 14:00:00,3,   P,7
3254,2024-04-05 04:00:00,3,   P,7
3254,2024-04-05 05:00:00,3,   P,8
3254,2024-04-05 06:00:00,3,   P,7
3254,2024-04-05 07:00:00,3,   P,7
3254,2024-04-05 08:00:00,3,   P,7
3254,2024-04-05 09:00:00,3,   P,7
3254,2024-04-05 10:00:00,3,   P,7
3254,2024-04-05 11:00:00,3,   P,8
3254,2024-04-08 04:00:00,3,   P,8
3254,2024-04-08 05:00:00,3,   P,7
3254,2024-04-08 06:00:00,3,   P,7
3254,2024-04-08 07:00:00,3,   P,7
3254,2024-04-08 08:00:00,3,   P,7
3254,2024-04-08 09:00:00,3,   P,7
3254,2024-04-08 10:00:00,3,   P,7
3254,2024-04-08 11:00:00,3,   P,6
3254,2024-04-08 12:00:00,3,   P,7
3254,2024-04-08 13:00:00,3,   P,7
3254,2024-04-08 14:00:00,3,   P,8
3254,2024-04-09 04:00:00,3,   P,7
3254,2024-04-09 05:00:00,3,   P,7
3254,2024-04-09 06:00:00,3,   P,7
3254,2024-04-09 07:00:00,3,   P,8
3254,2024-04-09 08:00:00,3,   P,7
3254,2024-04-09 09:00:00,3,   P,7
3254,2024-04-09 10:00:00,3,   P,7
3254,2024-04-09 11:00:00,3,   P,7
3254,2024-04-09 12:00:00,3,   P,6
3254,2024-04-09 13:00:00,3,   P,7
3254,2024-04-09 14:00:00,3,   P,6
3254,2024-04-10 04:00:00,3,   P,7
3254,2024-04-10 05:00:00,3,   P,5
3254,2024-04-10 06:00:00,3,   P,3
3254,2024-04-10 07:00:00,3,   P,3
3254,2024-04-10 08:00:00,3,   P,2
3254,2024-04-10 09:00:00,3,   P,3
3254,2024-04-10 10:00:00,3,   P,3
3254,2024-04-10 11:00:00,3,   P,3
3254,2024-04-10 12:00:00,3,   P,4
3254,2024-04-10 13:00:00,3,   P,4
3254,2024-04-10 14:00:00,3,   P,2
3254,2024-04-11 04:00:00,3,   P,7
3254,2024-04-11 05:00:00,3,   P,7
3254,2024-04-11 06:00:00,3,   P,8
3254,2024-04-11 07:00:00,3,   P,8
3254,2024-04-11 08:00:00,3,   P,8
3254,2024-04-11 09:00:00,3,   P,8
3254,2024-04-11 10:00:00,3,   P,8
3254,2024-04-11 11:00:00,3,   P,8
3254,2024-04-11 12:00:00,3,   P,8
3254,2024-04-11 13:00:00,3,   P,8
3254,2024-04-11 14:00:00,3,   P,8
3254,2024-04-12 04:00:00,3,   P,8
3254,2024-04-12 05:00:00,3,   P,8
3254,2024-04-12 06:00:00,3,   P,8
3254,2024-04-12 07:00:00,3,   P,8
3254,2024-04-12 08:00:00,3,   P,8
3254,2024-04-12 09:00:00,3,   P,7
3254,2024-04-12 10:00:00,3,   P,7
3254,2024-04-12 11:00:00,3,   P,7
3254,2024-04-15 04:00:00,3,   P,5
3254,2024-04-15 05:00:00,3,   P,5
3254,2024-04-15 06:00:00,3,   P,5
3254,2024-04-15 07:00:00,3,   P,7
3254,2024-04-15 08:00:00,3,   P,7
3254,2024-04-15 09:00:00,3,   P,7
3254,2024-04-15 10:00:00,3,   P,7
3254,2024-04-15 11:00:00,3,   P,7
3254,2024-04-15 12:00:00,3,   P,7
3254,2024-04-15 13:00:00,3,   P,8
3254,2024-04-15 14:00:00,3,   P,7
3254,2024-04-16 04:00:00,3,   P,6
3254,2024-04-16 05:00:00,3,   P,6
3254,2024-04-16 06:00:00,3,   P,8
3254,2024-04-16 07:00:00,3,   P,8
3254,2024-04-16 08:00:00,3,   P,8
3254,2024-04-16 09:00:00,3,   P,7
3254,2024-04-16 10:00:00,3,   P,7
3254,2024-04-16 11:00:00,3,   P,7
3254,2024-04-16 12:00:00,3,   P,7
3254,2024-04-16 13:00:00,3,   P,7
3254,2024-04-16 14:00:00,3,   P,7
3254,2024-04-17 04:00:00,3,   P,7
3254,2024-04-17 05:00:00,3,   P,7
3254,2024-04-17 06:00:00,3,   P,7
3254,2024-04-17 07:00:00,3,   P,8
3254,2024-04-17 08:00:00,3,   P,7
3254,2024-04-17 09:00:00,3,   P,8
3254,2024-04-17 10:00:00,3,   P,8
3254,2024-04-17 11:00:00,3,   P,8
3254,2024-04-17 12:00:00,3,   P,8
3254,2024-04-17 13:00:00,3,   P,7
3254,2024-04-17 14:00:00,3,   P,7
3254,2024-04-18 05:00:00,3,   P,2
3254,2024-04-18 06:00:00,3,   P,1
3254,2024-04-18 07:00:00,3,   P,1
3254,2024-04-18 08:00:00,3,   P,1
3254,2024-04-18 09:00:00,3,   P,2
3254,2024-04-18 10:00:00,3,   P,3
3254,2024-04-18 11:00:00,3,   P,3
3254,2024-04-18 12:00:00,3,   P,6
3254,2024-04-19 04:00:00,3,   P,8
3254,2024-04-19 05:00:00,3,   P,8
3254,2024-04-19 06:00:00,3,   P,8
3254,2024-04-19 07:00:00,3,   P,7
3254,2024-04-19 08:00:00,3,   P,7
3254,2024-04-19 09:00:00,3,   P,6
3254,2024-04-19 10:00:00,3,   P,6
3254,2024-04-19 11:00:00,3,   P,7
3254,2024-04-22 04:00:00,3,   P,7
3254,2024-04-22 05:00:00,3,   P,7
3254,2024-04-22 06:00:00,3,   P,7
3254,2024-04-22 07:00:00,3,   P,7
3254,2024-04-22 08:00:00,3,   P,7
3254,2024-04-22 09:00:00,3,   P,6
3254,2024-04-22 10:00:00,3,   P,7
3254,2024-04-22 11:00:00,3,   P,7
3254,2024-04-22 12:00:00,3,   P,6
3254,2024-04-22 13:00:00,3,   P,5
3254,2024-04-22 14:00:00,3,   P,3
3254,2024-04-23 05:00:00,3,   P,1
3254,2024-04-23 06:00:00,3,   P,1
3254,2024-04-23 07:00:00,3,   P,1
3254,2024-04-23 08:00:00,3,   P,1
3254,2024-04-23 09:00:00,3,   P,1
3254,2024-04-23 10:00:00,3,   P,2
3254,2024-04-23 11:00:00,3,   P,3
3254,2024-04-23 12:00:00,3,   P,4
3254,2024-04-24 04:00:00,3,   P,7
3254,2024-04-24 05:00:00,3,   P,7
3254,2024-04-24 06:00:00,3,   P,7
3254,2024-04-24 07:00:00,3,   P,6
3254,2024-04-24 08:00:00,3,   P,6
3254,2024-04-24 09:00:00,3,   P,7
3254,2024-04-24 10:00:00,3,   P,7
3254,2024-04-24 11:00:00,3,   P,6
3254,2024-04-25 04:00:00,3,   P,7
3254,2024-04-25 05:00:00,3,   P,7
3254,2024-04-25 06:00:00,3,   P,7
3254,2024-04-25 07:00:00,3,   P,7
3254,2024-04-25 08:00:00,3,   P,8
3254,2024-04-25 09:00:00,3,   P,7
3254,2024-04-25 10:00:00,3,   P,7
3254,2024-04-25 11:00:00,3,   P,7
3254,2024-04-25 12:00:00,3,   P,7
3254,2024-04-25 13:00:00,3,   P,7
3254,2024-04-25 14:00:00,3,   P,7
3254,2024-04-26 05:00:00,3,   P,8
3254,2024-04-26 06:00:00,3,   P,8
3254,2024-04-26 07:00:00,3,   P,7
3254,2024-04-26 08:00:00,3,   P,5
3254,2024-04-26 09:00:00,3,   P,4
3254,2024-04-26 10:00:00,3,   P,4
3254,2024-04-29 04:00:00,3,   P,7
3254,2024-04-29 05:00:00,3,   P,7
3254,2024-04-29 06:00:00,3,   P,2
3254,2024-04-29 07:00:00,3,   P,2
3254,2024-04-29 08:00:00,3,   P,2
3254,2024-04-29 09:00:00,3,   P,5
3254,2024-04-29 10:00:00,3,   P,5
3254,2024-04-29 11:00:00,3,   P,2
3254,2024-04-29 12:00:00,3,   P,4
3254,2024-04-29 13:00:00,3,   P,2
3254,2024-04-29 14:00:00,3,   P,3
3254,2024-04-30 04:00:00,3,   P,8
3254,2024-04-30 05:00:00,3,   P,7
3254,2024-04-30 06:00:00,3,   P,7
3254,2024-04-30 07:00:00,3,   P,7
3254,2024-04-30 08:00:00,3,   P,7
3254,2024-04-30 09:00:00,3,   P,7
3254,2024-04-30 10:00:00,3,   P,6
3254,2024-04-30 11:00:00,3,   P,3
3254,2024-04-30 12:00:00,3,   P,2
3254,2024-04-30 13:00:00,3,   P,2
3254,2024-04-30 14:00:00,3,   P,3
3254,2024-05-02 05:00:00,3,   P,4
3254,2024-05-02 06:00:00,3,   P,4
3254,2024-05-02 07:00:00,3,   P,2
3254,2024-05-02 08:00:00,3,   P,1
3254,2024-05-02 09:00:00,3,   P,3
3254,2024-05-02 10:00:00,3,   P,3
3254,2024-05-02 11:00:00,3,   P,3
3254,2024-05-02 12:00:00,3,   P,2
3254,2024-05-03 05:00:00,3,   P,7
3254,2024-05-03 06:00:00,3,   P,8
3254,2024-05-03 07:00:00,3,   P,8
3254,2024-05-03 08:00:00,3,   P,8
3254,2024-05-03 09:00:00,3,   P,8
3254,2024-05-03 10:00:00,3,   P,8
3254,2024-05-06 04:00:00,3,   P,6
3254,2024-05-06 05:00:00,3,   P,2
3254,2024-05-06 06:00:00,3,   P,4
3254,2024-05-06 07:00:00,3,   P,4
3254,2024-05-06 08:00:00,3,   P,5
3254,2024-05-06 09:00:00,3,   P,6
3254,2024-05-06 10:00:00,3,   P,6
3254,2024-05-06 11:00:00,3,   P,6
3254,2024-05-06 12:00:00,3,   P,7
3254,2024-05-06 13:00:00,3,   P,7
3254,2024-05-06 14:00:00,3,   P,7
3254,2024-05-07 04:00:00,3,   P,7
3254,2024-05-07 05:00:00,3,   P,7
3254,2024-05-07 06:00:00,3,   P,7
3254,2024-05-07 07:00:00,3,   P,5
3254,2024-05-07 08:00:00,3,   P,4
3254,2024-05-07 09:00:00,3,   P,4
3254,2024-05-07 10:00:00,3,   P,5
3254,2024-05-07 11:00:00,3,   P,5
3254,2024-05-07 12:00:00,3,   P,7
3254,2024-05-07 13:00:00,3,   P,7
3254,2024-05-07 14:00:00,3,   P,7
3254,2024-05-08 04:00:00,3,   P,8
3254,2024-05-08 05:00:00,3,   P,8
3254,2024-05-08 06:00:00,3,   P,7
3254,2024-05-08 07:00:00,3,   P,7
3254,2024-05-08 08:00:00,3,   P,7
3254,2024-05-08 09:00:00,3,   P,5
3254,2024-05-08 10:00:00,3,   P,6
3254,2024-05-08 11:00:00,3,   P,3
3254,2024-05-08 12:00:00,3,   P,3
3254,2024-05-08 13:00:00,3,   P,3
3254,2024-05-08 14:00:00,3,   P,4
3254,2024-05-10 05:00:00,3,   P,1
3254,2024-05-10 06:00:00,3,   P,2
3254,2024-05-10 07:00:00,3,   P,2
3254,2024-05-10 08:00:00,3,   P,2
3254,2024-05-10 09:00:00,3,   P,3
3254,2024-05-10 10:00:00,3,   P,3
3254,2024-05-13 04:00:00,3,   P,1
3254,2024-05-13 05:00:00,3,   P,1
3254,2024-05-13 06:00:00,3,   P,1
3254,2024-05-13 07:00:00,3,   P,1
3254,2024-05-13 08:00:00,3,   P,1
3254,2024-05-13 09:00:00,3,   P,1
3254,2024-05-13 10:00:00,3,   P,1
3254,2024-05-13 11:00:00,3,   P,1
3254,2024-05-13 12:00:00,3,   P,1
3254,2024-05-13 13:00:00,3,   P,1
3254,2024-05-13 14:00:00,3,   P,1
3254,2024-05-14 04:00:00,3,   P,1
3254,2024-05-14 05:00:00,3,   P,1
3254,2024-05-14 06:00:00,3,   P,1
3254,2024-05-14 07:00:00,3,   P,0
3254,2024-05-14 08:00:00,3,   P,0
3254,2024-05-14 09:00:00,3,   P,0
3254,2024-05-14 10:00:00,3,   P,0
3254,2024-05-14 11:00:00,3,   P,0
3254,2024-05-14 12:00:00,3,   P,1
3254,2024-05-14 13:00:00,3,   P,1
3254,2024-05-14 14:00:00,3,   P,1
3254,2024-05-15 05:00:00,3,   P,1
3254,2024-05-15 06:00:00,3,   P,1
3254,2024-05-15 07:00:00,3,   P,1
3254,2024-05-15 08:00:00,3,   P,1
3254,2024-05-15 09:00:00,3,   P,1
3254,2024-05-15 10:00:00,3,   P,1
3254,2024-05-15 11:00:00,3,   P,1
3254,2024-05-15 12:00:00,3,   P,1
3254,2024-05-16 05:00:00,3,   P,6
3254,2024-05-16 06:00:00,3,   P,6
3254,2024-05-16 07:00:00,3,   P,6
3254,2024-05-16 08:00:00,3,   P,6
3254,2024-05-16 09:00:00,3,   P,7
3254,2024-05-16 10:00:00,3,   P,7
3254,2024-05-16 11:00:00,3,   P,6
3254,2024-05-16 12:00:00,3,   P,7
3254,2024-05-17 04:00:00,3,   P,7
3254,2024-05-17 05:00:00,3,   P,7
3254,2024-05-17 06:00:00,3,   P,7
3254,2024-05-17 07:00:00,3,   P,7
3254,2024-05-17 08:00:00,3,   P,7
3254,2024-05-17 09:00:00,3,   P,6
3254,2024-05-17 10:00:00,3,   P,6
3254,2024-05-17 11:00:00,3,   P,7
3254,2024-05-21 06:00:00,3,   P,2
3254,2024-05-21 07:00:00,3,   P,2
3254,2024-05-21 08:00:00,3,   P,2
3254,2024-05-21 09:00:00,3,   P,3
3254,2024-05-21 10:00:00,3,   P,3
3254,2024-05-21 11:00:00,3,   P,5
3254,2024-05-21 12:00:00,3,   P,5
3254,2024-05-21 13:00:00,3,   P,6
3254,2024-05-21 14:00:00,3,   P,6
3254,2024-05-21 15:00:00,3,   P,7
3254,2024-05-22 06:00:00,3,   P,7
3254,2024-05-22 07:00:00,3,   P,7
3254,2024-05-22 08:00:00,3,   P,7
3254,2024-05-22 09:00:00,3,   P,7
3254,2024-05-22 10:00:00,3,   P,7
3254,2024-05-22 11:00:00,3,   P,7
3254,2024-05-22 12:00:00,3,   P,7
3254,2024-05-22 13:00:00,3,   P,7
3254,2024-05-22 14:00:00,3,   P,7
3254,2024-05-23 05:00:00,3,   P,1
3254,2024-05-23 06:00:00,3,   P,1
3254,2024-05-23 07:00:00,3,   P,7
3254,2024-05-23 08:00:00,3,   P,2
3254,2024-05-23 09:00:00,3,   P,3
3254,2024-05-23 10:00:00,3,   P,7
3254,2024-05-23 11:00:00,3,   P,7
3254,2024-05-23 12:00:00,3,   P,7
3254,2024-05-24 05:00:00,3,   P,6
3254,2024-05-24 06:00:00,3,   P,7
3254,2024-05-24 07:00:00,3,   P,7
3254,2024-05-24 08:00:00,3,   P,6
3254,2024-05-24 09:00:00,3,   P,7
3254,2024-05-24 10:00:00,3,   P,6
3254,2024-05-27 04:00:00,3,   P,7
3254,2024-05-27 05:00:00,3,   P,7
3254,2024-05-27 06:00:00,3,   P,7
3254,2024-05-27 07:00:00,3,   P,7
3254,2024-05-27 08:00:00,3,   P,7
3254,2024-05-27 09:00:00,3,   P,6
3254,2024-05-27 10:00:00,3,   P,5
3254,2024-05-27 11:00:00,3,   P,4
3254,2024-05-27 12:00:00,3,   P,5
3254,2024-05-27 13:00:00,3,   P,3
3254,2024-05-27 14:00:00,3,   P,5
3254,2024-05-28 04:00:00,3,   P,7
3254,2024-05-28 05:00:00,3,   P,7
3254,2024-05-28 06:00:00,3,   P,7
3254,2024-05-28 07:00:00,3,   P,3
3254,2024-05-28 08:00:00,3,   P,3
3254,2024-05-28 09:00:00,3,   P,4
3254,2024-05-28 10:00:00,3,   P,3
3254,2024-05-28 11:00:00,3,   P,3
3254,2024-05-28 12:00:00,3,   P,2
3254,2024-05-28 13:00:00,3,   P,1
3254,2024-05-28 14:00:00,3,   P,1
3254,2024-05-29 04:00:00,3,   P,8
3254,2024-05-29 05:00:00,3,   P,8
3254,2024-05-29 06:00:00,3,   P,8
3254,2024-05-29 07:00:00,3,   P,8
3254,2024-05-29 08:00:00,3,   P,8
3254,2024-05-29 09:00:00,3,   P,8
3254,2024-05-29 10:00:00,3,   P,7
3254,2024-05-29 11:00:00,3,   P,7
3254,2024-05-29 12:00:00,3,   P,7
3254,2024-05-29 13:00:00,3,   P,5
3254,2024-05-29 14:00:00,3,   P,5
3254,2024-05-30 05:00:00,3,   P,6
3254,2024-05-30 06:00:00,3,   P,7
3254,2024-05-30 07:00:00,3,   P,3
3254,2024-05-30 08:00:00,3,   P,3
3254,2024-05-30 09:00:00,3,   P,3
3254,2024-05-30 10:00:00,3,   P,2
3254,2024-05-30 11:00:00,3,   P,3
3254,2024-05-30 12:00:00,3,   P,7
3254,2024-05-31 04:00:00,3,   P,7
3254,2024-05-31 05:00:00,3,   P,5
3254,2024-05-31 06:00:00,3,   P,5
3254,2024-05-31 07:00:00,3,   P,3
3254,2024-05-31 08:00:00,3,   P,5
3254,2024-05-31 09:00:00,3,   P,6
3254,2024-05-31 10:00:00,3,   P,5
3254,2024-05-31 11:00:00,3,   P,6
3254,2024-06-03 04:00:00,3,   P,8
3254,2024-06-03 05:00:00,3,   P,8
3254,2024-06-03 06:00:00,3,   P,8
3254,2024-06-03 07:00:00,3,   P,8
3254,2024-06-03 08:00:00,3,   P,8
3254,2024-06-03 09:00:00,3,   P,8
3254,2024-06-03 10:00:00,3,   P,7
3254,2024-06-03 11:00:00,3,   P,7
3254,2024-06-03 12:00:00,3,   P,7
3254,2024-06-03 13:00:00,3,   P,7
3254,2024-06-03 14:00:00,3,   P,7
3254,2024-06-04 04:00:00,3,   P,8
3254,2024-06-04 05:00:00,3,   P,8
3254,2024-06-04 06:00:00,3,   P,8
3254,2024-06-04 07:00:00,3,   P,8
3254,2024-06-04 08:00:00,3,   P,8
3254,2024-06-04 09:00:00,3,   P,8
3254,2024-06-04 10:00:00,3,   P,8
3254,2024-06-04 11:00:00,3,   P,8
3254,2024-06-04 12:00:00,3,   P,7
3254,2024-06-04 13:00:00,3,   P,7
3254,2024-06-04 14:00:00,3,   P,6
3254,2024-06-05 05:00:00,3,   P,6
3254,2024-06-05 06:00:00,3,   P,4
3254,2024-06-05 07:00:00,3,   P,6
3254,2024-06-05 08:00:00,3,   P,6
3254,2024-06-05 09:00:00,3,   P,7
3254,2024-06-05 10:00:00,3,   P,7
3254,2024-06-05 11:00:00,3,   P,7
3254,2024-06-05 12:00:00,3,   P,5
3254,2024-06-06 05:00:00,3,   P,7
3254,2024-06-06 06:00:00,3,   P,7
3254,2024-06-06 07:00:00,3,   P,7
3254,2024-06-06 08:00:00,3,   P,7
3254,2024-06-06 09:00:00,3,   P,6
3254,2024-06-06 10:00:00,3,   P,7
3254,2024-06-06 11:00:00,3,   P,7
3254,2024-06-06 12:00:00,3,   P,7
3254,2024-06-07 04:00:00,3,   P,5
3254,2024-06-07 05:00:00,3,   P,5
3254,2024-06-07 06:00:00,3,   P,2
3254,2024-06-07 07:00:00,3,   P,6
3254,2024-06-07 08:00:00,3,   P,7
3254,2024-06-07 09:00:00,3,   P,6
3254,2024-06-07 10:00:00,3,   P,3
3254,2024-06-07 11:00:00,3,   P,3
3254,2024-06-10 04:00:00,3,   P,7
3254,2024-06-10 05:00:00,3,   P,7
3254,2024-06-10 06:00:00,3,   P,7
3254,2024-06-10 07:00:00,3,   P,8
3254,2024-06-10 08:00:00,3,   P,8
3254,2024-06-10 09:00:00,3,   P,8
3254,2024-06-10 10:00:00,3,   P,8
3254,2024-06-10 11:00:00,3,   P,8
3254,2024-06-10 12:00:00,3,   P,8
3254,2024-06-10 13:00:00,3,   P,8
3254,2024-06-10 14:00:00,3,   P,8
3254,2024-06-11 04:00:00,3,   P,5
3254,2024-06-11 05:00:00,3,   P,4
3254,2024-06-11 06:00:00,3,   P,5
3254,2024-06-11 07:00:00,3,   P,5
3254,2024-06-11 08:00:00,3,   P,5
3254,2024-06-11 09:00:00,3,   P,5
3254,2024-06-11 10:00:00,3,   P,6
3254,2024-06-11 11:00:00,3,   P,5
3254,2024-06-11 12:00:00,3,   P,7
3254,2024-06-11 13:00:00,3,   P,7
3254,2024-06-11 14:00:00,3,   P,7
3254,2024-06-12 04:00:00,3,   P,7
3254,2024-06-12 05:00:00,3,   P,6
3254,2024-06-12 06:00:00,3,   P,6
3254,2024-06-12 07:00:00,3,   P,7
3254,2024-06-12 08:00:00,3,   P,7
3254,2024-06-12 09:00:00,3,   P,7
3254,2024-06-12 10:00:00,3,   P,6
3254,2024-06-12 11:00:00,3,   P,7
3254,2024-06-12 12:00:00,3,   P,7
3254,2024-06-12 13:00:00,3,   P,6
3254,2024-06-12 14:00:00,3,   P,6
3254,2024-06-13 04:00:00,3,   P,7
3254,2024-06-13 05:00:00,3,   P,7
3254,2024-06-13 06:00:00,3,   P,7
3254,2024-06-13 07:00:00,3,   P,7
3254,2024-06-13 08:00:00,3,   P,7
3254,2024-06-13 09:00:00,3,   P,7
3254,2024-06-13 10:00:00,3,   P,7
3254,2024-06-13 11:00:00,3,   P,7
3254,2024-06-13 12:00:00,3,   P,7
3254,2024-06-13 13:00:00,3,   P,7
3254,2024-06-13 14:00:00,3,   P,7
3254,2024-06-14 04:00:00,3,   P,7
3254,2024-06-14 05:00:00,3,   P,7
3254,2024-06-14 06:00:00,3,   P,7
3254,2024-06-14 07:00:00,3,   P,7
3254,2024-06-14 08:00:00,3,   P,7
3254,2024-06-14 09:00:00,3,   P,7
3254,2024-06-14 10:00:00,3,   P,8
3254,2024-06-14 11:00:00,3,   P,7
3254,2024-06-17 04:00:00,3,   P,7
3254,2024-06-17 05:00:00,3,   P,7
3254,2024-06-17 06:00:00,3,   P,7
3254,2024-06-17 07:00:00,3,   P,6
3254,2024-06-17 08:00:00,3,   P,7
3254,2024-06-17 09:00:00,3,   P,7
3254,2024-06-17 10:00:00,3,   P,7
3254,2024-06-17 11:00:00,3,   P,7
3254,2024-06-17 12:00:00,3,   P,6
3254,2024-06-17 13:00:00,3,   P,5
3254,2024-06-17 14:00:00,3,   P,3
3254,2024-06-18 04:00:00,3,   P,6
3254,2024-06-18 05:00:00,3,   P,6
3254,2024-06-18 06:00:00,3,   P,6
3254,2024-06-18 07:00:00,3,   P,7
3254,2024-06-18 08:00:00,3,   P,7
3254,2024-06-18 09:00:00,3,   P,7
3254,2024-06-18 10:00:00,3,   P,8
3254,2024-06-18 11:00:00,3,   P,8
3254,2024-06-18 12:00:00,3,   P,8
3254,2024-06-18 13:00:00,3,   P,8
3254,2024-06-18 14:00:00,3,   P,8
3254,2024-06-19 05:00:00,3,   P,6
3254,2024-06-19 06:00:00,3,   P,5
3254,2024-06-19 07:00:00,3,   P,3
3254,2024-06-19 08:00:00,3,   P,3
3254,2024-06-19 09:00:00,3,   P,3
3254,2024-06-19 10:00:00,3,   P,4
3254,2024-06-19 11:00:00,3,   P,6
3254,2024-06-19 12:00:00,3,   P,6
3254,2024-06-20 04:00:00,3,   P,6
3254,2024-06-20 05:00:00,3,   P,6
3254,2024-06-20 06:00:00,3,   P,6
3254,2024-06-20 07:00:00,3,   P,6
3254,2024-06-20 08:00:00,3,   P,6
3254,2024-06-20 09:00:00,3,   P,5
3254,2024-06-20 10:00:00,3,   P,6
3254,2024-06-20 11:00:00,3,   P,6
3254,2024-06-20 12:00:00,3,   P,7
3254,2024-06-20 13:00:00,3,   P,7
3254,2024-06-20 14:00:00,3,   P,7
3254,2024-06-21 04:00:00,3,   P,7
3254,2024-06-21 05:00:00,3,   P,7
3254,2024-06-21 06:00:00,3,   P,7
3254,2024-06-21 07:00:00,3,   P,7
3254,2024-06-21 08:00:00,3,   P,8
3254,2024-06-21 09:00:00,3,   P,8
3254,2024-06-21 10:00:00,3,   P,8
3254,2024-06-21 11:00:00,3,   P,8
3254,2024-06-24 04:00:00,3,   P,0
3254,2024-06-24 05:00:00,3,   P,1
3254,2024-06-24 06:00:00,3,   P,1
3254,2024-06-24 07:00:00,3,   P,1
3254,2024-06-24 08:00:00,3,   P,1
3254,2024-06-24 09:00:00,3,   P,1
3254,2024-06-24 10:00:00,3,   P,1
3254,2024-06-24 11:00:00,3,   P,2
3254,2024-06-24 12:00:00,3,   P,2
3254,2024-06-24 13:00:00,3,   P,2
3254,2024-06-24 14:00:00,3,   P,2
3254,2024-06-25 04:00:00,3,   P,0
3254,2024-06-25 05:00:00,3,   P,0
3254,2024-06-25 06:00:00,3,   P,0
3254,2024-06-25 07:00:00,3,   P,0
3254,2024-06-25 08:00:00,3,   P,0
3254,2024-06-25 09:00:00,3,   P,0
3254,2024-06-25 10:00:00,3,   P,1
3254,2024-06-25 11:00:00,3,   P,1
3254,2024-06-25 12:00:00,3,   P,1
3254,2024-06-25 13:00:00,3,   P,1
3254,2024-06-25 14:00:00,3,   P,1
3254,2024-06-26 04:00:00,3,   P,1
3254,2024-06-26 05:00:00,3,   P,0
3254,2024-06-26 06:00:00,3,   P,0
3254,2024-06-26 07:00:00,3,   P,0
3254,2024-06-26 08:00:00,3,   P,1
3254,2024-06-26 09:00:00,3,   P,1
3254,2024-06-26 10:00:00,3,   P,1
3254,2024-06-26 11:00:00,3,   P,1
3254,2024-06-26 12:00:00,3,   P,1
3254,2024-06-26 13:00:00,3,   P,1
3254,2024-06-26 14:00:00,3,   P,1
3254,2024-06-27 04:00:00,3,   P,1
3254,2024-06-27 05:00:00,3,   P,1
3254,2024-06-27 06:00:00,3,   P,1
3254,2024-06-27 07:00:00,3,   P,1
3254,2024-06-27 08:00:00,3,   P,1
3254,2024-06-27 09:00:00,3,   P,1
3254,2024-06-27 10:00:00,3,   P,1
3254,2024-06-27 11:00:00,3,   P,1
3254,2024-06-27 12:00:00,3,   P,2
3254,2024-06-27 13:00:00,3,   P,1
3254,2024-06-27 14:00:00,3,   P,3
3254,2024-06-28 04:00:00,3,   P,1
3254,2024-06-28 05:00:00,3,   P,1
3254,2024-06-28 06:00:00,3,   P,3
3254,2024-06-28 07:00:00,3,   P,1
3254,2024-06-28 08:00:00,3,   P,2
3254,2024-06-28 09:00:00,3,   P,2
3254,2024-06-28 10:00:00,3,   P,2
3254,2024-06-28 11:00:00,3,   P,1
3254,2024-07-01 04:00:00,3,   P,8
3254,2024-07-01 05:00:00,3,   P,7
3254,2024-07-01 06:00:00,3,   P,6
3254,2024-07-01 07:00:00,3,   P,6
3254,2024-07-01 08:00:00,3,   P,4
3254,2024-07-01 09:00:00,3,   P,6
3254,2024-07-01 10:00:00,3,   P,5
3254,2024-07-01 11:00:00,3,   P,6
3254,2024-07-01 12:00:00,3,   P,7
3254,2024-07-01 13:00:00,3,   P,7
3254,2024-07-01 14:00:00,3,   P,7
3254,2024-07-02 04:00:00,3,   P,8
3254,2024-07-02 05:00:00,3,   P,8
3254,2024-07-02 06:00:00,3,   P,8
3254,2024-07-02 07:00:00,3,   P,8
3254,2024-07-02 08:00:00,3,   P,7
3254,2024-07-02 09:00:00,3,   P,8
3254,2024-07-02 10:00:00,3,   P,8
3254,2024-07-02 11:00:00,3,   P,8
3254,2024-07-02 12:00:00,3,   P,8
3254,2024-07-02 13:00:00,3,   P,8
3254,2024-07-02 14:00:00,3,   P,8
3254,2024-07-03 04:00:00,3,   P,7
3254,2024-07-03 05:00:00,3,   P,7
3254,2024-07-03 06:00:00,3,   P,7
3254,2024-07-03 07:00:00,3,   P,6
3254,2024-07-03 08:00:00,3,   P,7
3254,2024-07-03 09:00:00,3,   P,8
3254,2024-07-03 10:00:00,3,   P,8
3254,2024-07-03 11:00:00,3,   P,8
3254,2024-07-03 12:00:00,3,   P,8
3254,2024-07-03 13:00:00,3,   P,8
3254,2024-07-03 14:00:00,3,   P,8
3254,2024-07-04 04:00:00,3,   P,8
3254,2024-07-04 05:00:00,3,   P,8
3254,2024-07-04 06:00:00,3,   P,7
3254,2024-07-04 07:00:00,3,   P,6
3254,2024-07-04 08:00:00,3,   P,3
3254,2024-07-04 09:00:00,3,   P,2
3254,2024-07-04 10:00:00,3,   P,1
3254,2024-07-04 11:00:00,3,   P,2
3254,2024-07-04 12:00:00,3,   P,2
3254,2024-07-04 13:00:00,3,   P,2
3254,2024-07-04 14:00:00,3,   P,1
3254,2024-07-05 04:00:00,3,   P,6
3254,2024-07-05 06:00:00,3,   P,3
3254,2024-07-05 07:00:00,3,   P,5
3254,2024-07-05 08:00:00,3,   P,7
3254,2024-07-05 09:00:00,3,   P,8
3254,2024-07-05 10:00:00,3,   P,8
3254,2024-07-05 11:00:00,3,   P,8
3254,2024-07-08 04:00:00,3,   P,1
3254,2024-07-08 05:00:00,3,   P,1
3254,2024-07-08 06:00:00,3,   P,1
3254,2024-07-08 07:00:00,3,   P,1
3254,2024-07-08 08:00:00,3,   P,2
3254,2024-07-08 09:00:00,3,   P,2
3254,2024-07-08 10:00:00,3,   P,2
3254,2024-07-08 11:00:00,3,   P,2
3254,2024-07-08 12:00:00,3,   P,4
3254,2024-07-08 13:00:00,3,   P,5
3254,2024-07-08 14:00:00,3,   P,4
3254,2024-07-09 04:00:00,3,   P,7
3254,2024-07-09 05:00:00,3,   P,5
3254,2024-07-09 06:00:00,3,   P,5
3254,2024-07-09 07:00:00,3,   P,5
3254,2024-07-09 08:00:00,3,   P,6
3254,2024-07-09 09:00:00,3,   P,7
3254,2024-07-09 10:00:00,3,   P,7
3254,2024-07-09 11:00:00,3,   P,7
3254,2024-07-09 12:00:00,3,   P,7
3254,2024-07-09 13:00:00,3,   P,7
3254,2024-07-09 14:00:00,3,   P,7
3254,2024-07-10 04:00:00,3,   P,7
3254,2024-07-10 05:00:00,3,   P,7
3254,2024-07-10 06:00:00,3,   P,7
3254,2024-07-10 07:00:00,3,   P,8
3254,2024-07-10 08:00:00,3,   P,7
3254,2024-07-10 09:00:00,3,   P,7
3254,2024-07-10 10:00:00,3,   P,7
3254,2024-07-10 11:00:00,3,   P,6
3254,2024-07-10 12:00:00,3,   P,5
3254,2024-07-10 13:00:00,3,   P,3
3254,2024-07-10 14:00:00,3,   P,3
3254,2024-07-11 04:00:00,3,   P,6
3254,2024-07-11 05:00:00,3,   P,6
3254,2024-07-11 06:00:00,3,   P,7
3254,2024-07-11 07:00:00,3,   P,6
3254,2024-07-11 08:00:00,3,   P,3
3254,2024-07-11 09:00:00,3,   P,3
3254,2024-07-11 10:00:00,3,   P,3
3254,2024-07-11 11:00:00,3,   P,1
3254,2024-07-11 12:00:00,3,   P,2
3254,2024-07-11 13:00:00,3,   P,3
3254,2024-07-11 14:00:00,3,   P,3
3254,2024-07-12 05:00:00,3,   P,7
3254,2024-07-12 06:00:00,3,   P,7
3254,2024-07-12 07:00:00,3,   P,7
3254,2024-07-12 08:00:00,3,   P,8
3254,2024-07-12 09:00:00,3,   P,8
3254,2024-07-12 10:00:00,3,   P,8
3254,2024-07-15 04:00:00,3,   P,1
3254,2024-07-15 05:00:00,3,   P,1
3254,2024-07-15 06:00:00,3,   P,1
3254,2024-07-15 07:00:00,3,   P,1
3254,2024-07-15 08:00:00,3,   P,1
3254,2024-07-15 09:00:00,3,   P,1
3254,2024-07-15 10:00:00,3,   P,2
3254,2024-07-15 11:00:00,3,   P,2
3254,2024-07-15 12:00:00,3,   P,5
3254,2024-07-15 13:00:00,3,   P,4
3254,2024-07-15 14:00:00,3,   P,4
3254,2024-07-16 05:00:00,3,   P,1
3254,2024-07-16 06:00:00,3,   P,1
3254,2024-07-16 07:00:00,3,   P,5
3254,2024-07-16 08:00:00,3,   P,1
3254,2024-07-16 09:00:00,3,   P,2
3254,2024-07-16 10:00:00,3,   P,2
3254,2024-07-16 11:00:00,3,   P,4
3254,2024-07-16 12:00:00,3,   P,5
3254,2024-07-17 04:00:00,3,   P,8
3254,2024-07-17 05:00:00,3,   P,8
3254,2024-07-17 06:00:00,3,   P,8
3254,2024-07-17 07:00:00,3,   P,8
3254,2024-07-17 08:00:00,3,   P,7
3254,2024-07-17 09:00:00,3,   P,7
3254,2024-07-17 10:00:00,3,   P,7
3254,2024-07-17 11:00:00,3,   P,7
3254,2024-07-17 12:00:00,3,   P,7
3254,2024-07-17 13:00:00,3,   P,7
3254,2024-07-17 14:00:00,3,   P,7
3254,2024-07-18 04:00:00,3,   P,5
3254,2024-07-18 05:00:00,3,   P,6
3254,2024-07-18 06:00:00,3,   P,6
3254,2024-07-18 07:00:00,3,   P,7
3254,2024-07-18 08:00:00,3,   P,7
3254,2024-07-18 09:00:00,3,   P,7
3254,2024-07-18 10:00:00,3,   P,7
3254,2024-07-18 11:00:00,3,   P,7
3254,2024-07-18 12:00:00,3,   P,7
3254,2024-07-18 13:00:00,3,   P,7
3254,2024-07-18 14:00:00,3,   P,6
3254,2024-07-19 04:00:00,3,   P,5
3254,2024-07-19 05:00:00,3,   P,6
3254,2024-07-19 06:00:00,3,   P,6
3254,2024-07-19 07:00:00,3,   P,6
3254,2024-07-19 08:00:00,3,   P,7
3254,2024-07-19 09:00:00,3,   P,7
3254,2024-07-19 10:00:00,3,   P,7
3254,2024-07-19 11:00:00,3,   P,6
3254,2024-07-22 04:00:00,3,   P,7
3254,2024-07-22 05:00:00,3,   P,7
3254,2024-07-22 06:00:00,3,   P,7
3254,2024-07-22 07:00:00,3,   P,2
3254,2024-07-22 08:00:00,3,   P,2
3254,2024-07-22 09:00:00,3,   P,1
3254,2024-07-22 10:00:00,3,   P,1
3254,2024-07-22 11:00:00,3,   P,2
3254,2024-07-22 12:00:00,3,   P,1
3254,2024-07-22 13:00:00,3,   P,1
3254,2024-07-22 14:00:00,3,   P,6
3254,2024-07-23 05:00:00,3,   P,7
3254,2024-07-23 06:00:00,3,   P,7
3254,2024-07-23 07:00:00,3,   P,6
3254,2024-07-23 08:00:00,3,   P,7
3254,2024-07-23 09:00:00,3,   P,7
3254,2024-07-23 10:00:00,3,   P,7
3254,2024-07-23 11:00:00,3,   P,7
3254,2024-07-23 12:00:00,3,   P,6
3254,2024-07-24 04:00:00,3,   P,7
3254,2024-07-24 05:00:00,3,   P,5
3254,2024-07-24 06:00:00,3,   P,4
3254,2024-07-24 07:00:00,3,   P,3
3254,2024-07-24 08:00:00,3,   P,3
3254,2024-07-24 09:00:00,3,   P,4
3254,2024-07-24 10:00:00,3,   P,5
3254,2024-07-24 11:00:00,3,   P,5
3254,2024-07-24 12:00:00,3,   P,5
3254,2024-07-24 13:00:00,3,   P,5
3254,2024-07-24 14:00:00,3,   P,5
3254,2024-07-25 04:00:00,3,   P,4
3254,2024-07-25 05:00:00,3,   P,4
3254,2024-07-25 06:00:00,3,   P,4
3254,2024-07-25 07:00:00,3,   P,7
3254,2024-07-25 08:00:00,3,   P,7
3254,2024-07-25 09:00:00,3,   P,7
3254,2024-07-25 10:00:00,3,   P,7
3254,2024-07-25 11:00:00,3,   P,7
3254,2024-07-25 12:00:00,3,   P,7
3254,2024-07-25 13:00:00,3,   P,7
3254,2024-07-25 14:00:00,3,   P,7
3254,2024-07-26 04:00:00,3,   P,8
3254,2024-07-26 05:00:00,3,   P,8
3254,2024-07-26 06:00:00,3,   P,8
3254,2024-07-26 07:00:00,3,   P,8
3254,2024-07-26 08:00:00,3,   P,8
3254,2024-07-26 09:00:00,3,   P,8
3254,2024-07-26 10:00:00,3,   P,7
3254,2024-07-26 11:00:00,3,   P,7
3254,2024-07-29 04:00:00,3,   P,3
3254,2024-07-29 05:00:00,3,   P,2
3254,2024-07-29 06:00:00,3,   P,2
3254,2024-07-29 07:00:00,3,   P,2
3254,2024-07-29 08:00:00,3,   P,3
3254,2024-07-29 09:00:00,3,   P,4
3254,2024-07-29 10:00:00,3,   P,4
3254,2024-07-29 11:00:00,3,   P,5
3254,2024-07-29 12:00:00,3,   P,4
3254,2024-07-29 13:00:00,3,   P,4
3254,2024-07-29 14:00:00,3,   P,3
3254,2024-07-30 04:00:00,3,   P,4
3254,2024-07-30 05:00:00,3,   P,5
3254,2024-07-30 06:00:00,3,   P,2
3254,2024-07-30 07:00:00,3,   P,3
3254,2024-07-30 08:00:00,3,   P,2
3254,2024-07-30 09:00:00,3,   P,1
3254,2024-07-30 10:00:00,3,   P,1
3254,2024-07-30 11:00:00,3,   P,3
3254,2024-07-30 12:00:00,3,   P,3
3254,2024-07-30 13:00:00,3,   P,5
3254,2024-07-30 14:00:00,3,   P,5
3254,2024-07-31 04:00:00,3,   P,6
3254,2024-07-31 05:00:00,3,   P,7
3254,2024-07-31 06:00:00,3,   P,7
3254,2024-07-31 07:00:00,3,   P,7
3254,2024-07-31 08:00:00,3,   P,7
3254,2024-07-31 09:00:00,3,   P,7
3254,2024-07-31 10:00:00,3,   P,7
3254,2024-07-31 11:00:00,3,   P,7
3254,2024-07-31 12:00:00,3,   P,6
3254,2024-07-31 13:00:00,3,   P,6
3254,2024-07-31 14:00:00,3,   P,5
3254,2024-08-01 05:00:00,3,   P,1
3254,2024-08-01 06:00:00,3,   P,2
3254,2024-08-01 07:00:00,3,   P,3
3254,2024-08-01 08:00:00,3,   P,7
3254,2024-08-01 09:00:00,3,   P,7
3254,2024-08-01 10:00:00,3,   P,7
3254,2024-08-01 11:00:00,3,   P,7
3254,2024-08-01 12:00:00,3,   P,7
3254,2024-08-02 04:00:00,3,   P,7
3254,2024-08-02 05:00:00,3,   P,6
3254,2024-08-02 06:00:00,3,   P,2
3254,2024-08-02 07:00:00,3,   P,4
3254,2024-08-02 08:00:00,3,   P,2
3254,2024-08-02 09:00:00,3,   P,2
3254,2024-08-02 10:00:00,3,   P,1
3254,2024-08-02 11:00:00,3,   P,1
3254,2024-08-05 05:00:00,3,   P,7
3254,2024-08-05 06:00:00,3,   P,7
3254,2024-08-05 07:00:00,3,   P,7
3254,2024-08-05 08:00:00,3,   P,7
3254,2024-08-05 09:00:00,3,   P,7
3254,2024-08-05 10:00:00,3,   P,7
3254,2024-08-05 11:00:00,3,   P,7
3254,2024-08-05 12:00:00,3,   P,7
3254,2024-08-06 05:00:00,3,   P,1
3254,2024-08-06 06:00:00,3,   P,1
3254,2024-08-06 07:00:00,3,   P,1
3254,2024-08-06 08:00:00,3,   P,1
3254,2024-08-06 09:00:00,3,   P,1
3254,2024-08-06 10:00:00,3,   P,1
3254,2024-08-06 11:00:00,3,   P,3
3254,2024-08-06 12:00:00,3,   P,5
3254,2024-08-07 05:00:00,3,   P,7
3254,2024-08-07 06:00:00,3,   P,7
3254,2024-08-07 07:00:00,3,   P,7
3254,2024-08-07 08:00:00,3,   P,7
3254,2024-08-07 09:00:00,3,   P,7
3254,2024-08-07 10:00:00,3,   P,7
3254,2024-08-07 11:00:00,3,   P,7
3254,2024-08-07 12:00:00,3,   P,7
3254,2024-08-08 05:00:00,3,   P,7
3254,2024-08-08 06:00:00,3,   P,7
3254,2024-08-08 07:00:00,3,   P,7
3254,2024-08-08 08:00:00,3,   P,1
3254,2024-08-08 09:00:00,3,   P,1
3254,2024-08-08 10:00:00,3,   P,2
3254,2024-08-08 11:00:00,3,   P,4
3254,2024-08-08 12:00:00,3,   P,7
3254,2024-08-09 05:00:00,3,   P,7
3254,2024-08-09 06:00:00,3,   P,7
3254,2024-08-09 07:00:00,3,   P,7
3254,2024-08-09 08:00:00,3,   P,8
3254,2024-08-09 09:00:00,3,   P,8
3254,2024-08-09 10:00:00,3,   P,8
3254,2024-08-12 05:00:00,3,   P,1
3254,2024-08-12 06:00:00,3,   P,1
3254,2024-08-12 07:00:00,3,   P,1
3254,2024-08-12 08:00:00,3,   P,1
3254,2024-08-12 09:00:00,3,   P,2
3254,2024-08-12 10:00:00,3,   P,1
3254,2024-08-12 11:00:00,3,   P,1
3254,2024-08-12 12:00:00,3,   P,1
3254,2024-08-13 05:00:00,3,   P,1
3254,2024-08-13 06:00:00,3,   P,1
3254,2024-08-13 07:00:00,3,   P,2
3254,2024-08-13 08:00:00,3,   P,2
3254,2024-08-13 09:00:00,3,   P,3
3254,2024-08-13 10:00:00,3,   P,3
3254,2024-08-13 11:00:00,3,   P,4
3254,2024-08-13 12:00:00,3,   P,4
3254,2024-08-15 05:00:00,3,   P,2
3254,2024-08-15 06:00:00,3,   P,7
3254,2024-08-15 07:00:00,3,   P,7
3254,2024-08-15 08:00:00,3,   P,7
3254,2024-08-15 09:00:00,3,   P,4
3254,2024-08-15 10:00:00,3,   P,3
3254,2024-08-15 11:00:00,3,   P,5
3254,2024-08-15 12:00:00,3,   P,6
3254,2024-08-16 05:00:00,3,   P,7
3254,2024-08-16 06:00:00,3,   P,7
3254,2024-08-16 07:00:00,3,   P,7
3254,2024-08-16 08:00:00,3,   P,8
3254,2024-08-16 09:00:00,3,   P,8
3254,2024-08-16 10:00:00,3,   P,8
3254,2024-08-19 05:00:00,3,   P,1
3254,2024-08-19 06:00:00,3,   P,1
3254,2024-08-19 07:00:00,3,   P,1
3254,2024-08-19 08:00:00,3,   P,1
3254,2024-08-19 09:00:00,3,   P,1
3254,2024-08-19 10:00:00,3,   P,1
3254,2024-08-19 11:00:00,3,   P,2
3254,2024-08-19 12:00:00,3,   P,2
3254,2024-08-20 05:00:00,3,   P,7
3254,2024-08-20 06:00:00,3,   P,7
3254,2024-08-20 07:00:00,3,   P,7
3254,2024-08-20 08:00:00,3,   P,6
3254,2024-08-20 09:00:00,3,   P,6
3254,2024-08-20 10:00:00,3,   P,4
3254,2024-08-20 11:00:00,3,   P,2
3254,2024-08-20 12:00:00,3,   P,3
3254,2024-08-21 05:00:00,3,   P,1
3254,2024-08-21 06:00:00,3,   P,3
3254,2024-08-21 07:00:00,3,   P,2
3254,2024-08-21 08:00:00,3,   P,4
3254,2024-08-21 09:00:00,3,   P,4
3254,2024-08-21 10:00:00,3,   P,2
3254,2024-08-21 11:00:00,3,   P,3
3254,2024-08-21 12:00:00,3,   P,4
3254,2024-08-22 05:00:00,3,   P,7
3254,2024-08-22 06:00:00,3,   P,7
3254,2024-08-22 07:00:00,3,   P,6
3254,2024-08-22 08:00:00,3,   P,7
3254,2024-08-22 09:00:00,3,   P,6
3254,2024-08-22 10:00:00,3,   P,6
3254,2024-08-22 11:00:00,3,   P,7
3254,2024-08-22 12:00:00,3,   P,7
3254,2024-08-23 05:00:00,3,   P,7
3254,2024-08-23 06:00:00,3,   P,6
3254,2024-08-23 07:00:00,3,   P,7
3254,2024-08-23 08:00:00,3,   P,7
3254,2024-08-23 09:00:00,3,   P,7
3254,2024-08-23 10:00:00,3,   P,6
3254,2024-08-26 05:00:00,3,   P,3
3254,2024-08-26 06:00:00,3,   P,2
3254,2024-08-26 07:00:00,3,   P,2
3254,2024-08-26 08:00:00,3,   P,2
3254,2024-08-26 09:00:00,3,   P,2
3254,2024-08-26 10:00:00,3,   P,2
3254,2024-08-26 11:00:00,3,   P,2
3254,2024-08-26 12:00:00,3,   P,7
3254,2024-08-27 05:00:00,3,   P,4
3254,2024-08-27 06:00:00,3,   P,4
3254,2024-08-27 07:00:00,3,   P,4
3254,2024-08-27 08:00:00,3,   P,5
3254,2024-08-27 09:00:00,3,   P,6
3254,2024-08-27 10:00:00,3,   P,6
3254,2024-08-27 11:00:00,3,   P,6
3254,2024-08-27 12:00:00,3,   P,6
3254,2024-08-28 05:00:00,3,   P,1
3254,2024-08-28 06:00:00,3,   P,1
3254,2024-08-28 07:00:00,3,   P,1
3254,2024-08-28 08:00:00,3,   P,1
3254,2024-08-28 09:00:00,3,   P,1
3254,2024-08-28 10:00:00,3,   P,1
3254,2024-08-28 11:00:00,3,   P,1
3254,2024-08-28 12:00:00,3,   P,1
3254,2024-08-29 05:00:00,3,   P,2
3254,2024-08-29 06:00:00,3,   P,2
3254,2024-08-29 07:00:00,3,   P,2
3254,2024-08-29 08:00:00,3,   P,2
3254,2024-08-29 09:00:00,3,   P,5
3254,2024-08-29 10:00:00,3,   P,6
3254,2024-08-29 11:00:00,3,   P,6
3254,2024-08-29 12:00:00,3,   P,6
3254,2024-08-30 05:00:00,3,   P,7
3254,2024-08-30 06:00:00,3,   P,7
3254,2024-08-30 07:00:00,3,   P,7
3254,2024-08-30 08:00:00,3,   P,7
3254,2024-08-30 09:00:00,3,   P,7
3254,2024-08-30 10:00:00,3,   P,7
3254,2024-09-02 04:00:00,3,   P,4
3254,2024-09-02 05:00:00,3,   P,6
3254,2024-09-02 06:00:00,3,   P,6
3254,2024-09-02 07:00:00,3,   P,6
3254,2024-09-02 08:00:00,3,   P,6
3254,2024-09-02 09:00:00,3,   P,6
3254,2024-09-02 10:00:00,3,   P,6
3254,2024-09-02 11:00:00,3,   P,6
3254,2024-09-03 05:00:00,3,   P,7
3254,2024-09-03 06:00:00,3,   P,8
3254,2024-09-03 07:00:00,3,   P,8
3254,2024-09-03 08:00:00,3,   P,7
3254,2024-09-03 09:00:00,3,   P,7
3254,2024-09-03 10:00:00,3,   P,6
3254,2024-09-03 11:00:00,3,   P,6
3254,2024-09-03 12:00:00,3,   P,7
3254,2024-09-04 05:00:00,3,   P,7
3254,2024-09-04 06:00:00,3,   P,8
3254,2024-09-04 07:00:00,3,   P,8
3254,2024-09-04 08:00:00,3,   P,8
3254,2024-09-04 09:00:00,3,   P,8
3254,2024-09-04 10:00:00,3,   P,8
3254,2024-09-04 11:00:00,3,   P,8
3254,2024-09-04 12:00:00,3,   P,8
3254,2024-09-05 05:00:00,3,   P,8
3254,2024-09-05 06:00:00,3,   P,8
3254,2024-09-05 07:00:00,3,   P,7
3254,2024-09-05 08:00:00,3,   P,7
3254,2024-09-05 09:00:00,3,   P,6
3254,2024-09-05 10:00:00,3,   P,6
3254,2024-09-05 11:00:00,3,   P,4
3254,2024-09-05 12:00:00,3,   P,3
3254,2024-09-06 06:00:00,3,   P,1
3254,2024-09-06 07:00:00,3,   P,2
3254,2024-09-06 08:00:00,3,   P,2
3254,2024-09-06 09:00:00,3,   P,5
3254,2024-09-06 10:00:00,3,   P,5
3254,2024-09-06 11:00:00,3,   P,5
3254,2024-09-09 05:00:00,3,   P,7
3254,2024-09-09 06:00:00,3,   P,6
3254,2024-09-09 07:00:00,3,   P,5
3254,2024-09-09 08:00:00,3,   P,5
3254,2024-09-09 09:00:00,3,   P,5
3254,2024-09-09 10:00:00,3,   P,5
3254,2024-09-09 11:00:00,3,   P,6
3254,2024-09-09 12:00:00,3,   P,4
3254,2024-09-10 05:00:00,3,   P,7
3254,2024-09-10 06:00:00,3,   P,7
3254,2024-09-10 07:00:00,3,   P,7
3254,2024-09-10 08:00:00,3,   P,7
3254,2024-09-10 09:00:00,3,   P,7
3254,2024-09-10 10:00:00,3,   P,7
3254,2024-09-10 11:00:00,3,   P,5
3254,2024-09-10 12:00:00,3,   P,7
3254,2024-09-11 04:00:00,3,   P,7
3254,2024-09-11 05:00:00,3,   P,2
3254,2024-09-11 06:00:00,3,   P,3
3254,2024-09-11 07:00:00,3,   P,4
3254,2024-09-11 08:00:00,3,   P,2
3254,2024-09-11 09:00:00,3,   P,4
3254,2024-09-11 10:00:00,3,   P,2
3254,2024-09-11 11:00:00,3,   P,2
3254,2024-09-11 12:00:00,3,   P,3
3254,2024-09-11 13:00:00,3,   P,4
3254,2024-09-11 14:00:00,3,   P,4
3254,2024-09-12 04:00:00,3,   P,1
3254,2024-09-12 05:00:00,3,   P,3
3254,2024-09-12 06:00:00,3,   P,3
3254,2024-09-12 07:00:00,3,   P,5
3254,2024-09-12 08:00:00,3,   P,7
3254,2024-09-12 09:00:00,3,   P,6
3254,2024-09-12 10:00:00,3,   P,6
3254,2024-09-12 11:00:00,3,   P,5
3254,2024-09-12 12:00:00,3,   P,7
3254,2024-09-12 13:00:00,3,   P,7
3254,2024-09-12 14:00:00,3,   P,7
3254,2024-09-13 04:00:00,3,   P,2
3254,2024-09-13 05:00:00,3,   P,3
3254,2024-09-13 06:00:00,3,   P,2
3254,2024-09-13 07:00:00,3,   P,4
3254,2024-09-13 08:00:00,3,   P,3
3254,2024-09-13 09:00:00,3,   P,4
3254,2024-09-13 10:00:00,3,   P,5
3254,2024-09-13 11:00:00,3,   P,4
3254,2024-09-16 04:00:00,3,   P,6
3254,2024-09-16 05:00:00,3,   P,6
3254,2024-09-16 06:00:00,3,   P,5
3254,2024-09-16 07:00:00,3,   P,6
3254,2024-09-16 08:00:00,3,   P,1
3254,2024-09-16 09:00:00,3,   P,2
3254,2024-09-16 10:00:00,3,   P,3
3254,2024-09-16 11:00:00,3,   P,2
3254,2024-09-16 12:00:00,3,   P,2
3254,2024-09-16 13:00:00,3,   P,2
3254,2024-09-16 14:00:00,3,   P,6
3254,2024-09-17 04:00:00,3,   P,2
3254,2024-09-17 05:00:00,3,   P,2
3254,2024-09-17 06:00:00,3,   P,3
3254,2024-09-17 07:00:00,3,   P,3
3254,2024-09-17 08:00:00,3,   P,4
3254,2024-09-17 09:00:00,3,   P,5
3254,2024-09-17 10:00:00,3,   P,4
3254,2024-09-17 11:00:00,3,   P,4
3254,2024-09-17 12:00:00,3,   P,3
3254,2024-09-17 13:00:00,3,   P,3
3254,2024-09-17 14:00:00,3,   P,2
3254,2024-09-18 04:00:00,3,   P,8
3254,2024-09-18 05:00:00,3,   P,8
3254,2024-09-18 06:00:00,3,   P,8
3254,2024-09-18 07:00:00,3,   P,8
3254,2024-09-18 08:00:00,3,   P,8
3254,2024-09-18 09:00:00,3,   P,8
3254,2024-09-18 10:00:00,3,   P,8
3254,2024-09-18 11:00:00,3,   P,7
3254,2024-09-18 12:00:00,3,   P,3
3254,2024-09-18 13:00:00,3,   P,2
3254,2024-09-18 14:00:00,3,   P,3
3254,2024-09-19 04:00:00,3,   P,8
3254,2024-09-19 05:00:00,3,   P,8
3254,2024-09-19 06:00:00,3,   P,8
3254,2024-09-19 07:00:00,3,   P,8
3254,2024-09-19 08:00:00,3,   P,8
3254,2024-09-19 09:00:00,3,   P,8
3254,2024-09-19 10:00:00,3,   P,8
3254,2024-09-19 11:00:00,3,   P,8
3254,2024-09-19 12:00:00,3,   P,8
3254,2024-09-19 13:00:00,3,   P,7
3254,2024-09-19 14:00:00,3,   P,5
3254,2024-09-20 04:00:00,3,   P,6
3254,2024-09-20 05:00:00,3,   P,7
3254,2024-09-20 06:00:00,3,   P,2
3254,2024-09-20 07:00:00,3,   P,1
3254,2024-09-20 08:00:00,3,   P,1
3254,2024-09-20 09:00:00,3,   P,1
3254,2024-09-20 10:00:00,3,   P,1
3254,2024-09-20 11:00:00,3,   P,1
3254,2024-09-23 04:00:00,3,   P,7
3254,2024-09-23 05:00:00,3,   P,7
3254,2024-09-23 06:00:00,3,   P,7
3254,2024-09-23 07:00:00,3,   P,7
3254,2024-09-23 08:00:00,3,   P,7
3254,2024-09-23 09:00:00,3,   P,7
3254,2024-09-23 10:00:00,3,   P,7
3254,2024-09-23 11:00:00,3,   P,7
3254,2024-09-23 12:00:00,3,   P,7
3254,2024-09-23 13:00:00,3,   P,7
3254,2024-09-23 14:00:00,3,   P,6
3254,2024-09-24 05:00:00,3,   P,4
3254,2024-09-24 06:00:00,3,   P,5
3254,2024-09-24 07:00:00,3,   P,6
3254,2024-09-24 08:00:00,3,   P,6
3254,2024-09-24 09:00:00,3,   P,6
3254,2024-09-24 10:00:00,3,   P,7
3254,2024-09-24 11:00:00,3,   P,7
3254,2024-09-24 12:00:00,3,   P,6
3254,2024-09-25 04:00:00,3,   P,7
3254,2024-09-25 05:00:00,3,   P,7
3254,2024-09-25 06:00:00,3,   P,7
3254,2024-09-25 07:00:00,3,   P,8
3254,2024-09-25 08:00:00,3,   P,8
3254,2024-09-25 09:00:00,3,   P,8
3254,2024-09-25 10:00:00,3,   P,7
3254,2024-09-25 11:00:00,3,   P,7
3254,2024-09-25 12:00:00,3,   P,7
3254,2024-09-25 13:00:00,3,   P,7
3254,2024-09-25 14:00:00,3,   P,7
3254,2024-09-26 04:00:00,3,   P,8
3254,2024-09-26 05:00:00,3,   P,8
3254,2024-09-26 06:00:00,3,   P,8
3254,2024-09-26 07:00:00,3,   P,8
3254,2024-09-26 08:00:00,3,   P,7
3254,2024-09-26 09:00:00,3,   P,7
3254,2024-09-26 10:00:00,3,   P,5
3254,2024-09-26 11:00:00,3,   P,5
3254,2024-09-26 12:00:00,3,   P,7
3254,2024-09-26 13:00:00,3,   P,3
3254,2024-09-26 14:00:00,3,   P,2
3254,2024-09-27 04:00:00,3,   P,7
3254,2024-09-27 05:00:00,3,   P,5
3254,2024-09-27 06:00:00,3,   P,6
3254,2024-09-27 07:00:00,3,   P,5
3254,2024-09-27 08:00:00,3,   P,5
3254,2024-09-27 09:00:00,3,   P,6
3254,2024-09-27 10:00:00,3,   P,7
3254,2024-09-27 11:00:00,3,   P,7
3254,2024-09-30 05:00:00,3,   P,7
3254,2024-09-30 06:00:00,3,   P,6
3254,2024-09-30 07:00:00,3,   P,4
3254,2024-09-30 08:00:00,3,   P,2
3254,2024-09-30 09:00:00,3,   P,2
3254,2024-09-30 10:00:00,3,   P,7
3254,2024-09-30 11:00:00,3,   P,7
3254,2024-09-30 12:00:00,3,   P,4
3254,2024-09-30 13:00:00,3,   P,6
3254,2024-10-01 04:00:00,3,   P,8
3254,2024-10-01 05:00:00,3,   P,8
3254,2024-10-01 06:00:00,3,   P,7
3254,2024-10-01 07:00:00,3,   P,7
3254,2024-10-01 08:00:00,3,   P,8
3254,2024-10-01 09:00:00,3,   P,7
3254,2024-10-01 10:00:00,3,   P,8
3254,2024-10-01 11:00:00,3,   P,8
3254,2024-10-01 12:00:00,3,   P,8
3254,2024-10-01 13:00:00,3,   P,8
3254,2024-10-01 14:00:00,3,   P,8
3254,2024-10-02 05:00:00,3,   P,8
3254,2024-10-02 06:00:00,3,   P,8
3254,2024-10-02 07:00:00,3,   P,8
3254,2024-10-02 08:00:00,3,   P,8
3254,2024-10-02 09:00:00,3,   P,8
3254,2024-10-02 10:00:00,3,   P,8
3254,2024-10-02 11:00:00,3,   P,8
3254,2024-10-02 12:00:00,3,   P,8
3254,2024-10-04 05:00:00,3,   P,1
3254,2024-10-04 06:00:00,3,   P,1
3254,2024-10-04 07:00:00,3,   P,1
3254,2024-10-04 08:00:00,3,   P,1
3254,2024-10-04 09:00:00,3,   P,1
3254,2024-10-04 10:00:00,3,   P,1
3254,2024-10-07 05:00:00,3,   P,7
3254,2024-10-07 06:00:00,3,   P,7
3254,2024-10-07 07:00:00,3,   P,7
3254,2024-10-07 08:00:00,3,   P,7
3254,2024-10-07 09:00:00,3,   P,5
3254,2024-10-07 10:00:00,3,   P,4
3254,2024-10-07 11:00:00,3,   P,2
3254,2024-10-07 12:00:00,3,   P,3
3254,2024-10-08 05:00:00,3,   P,7
3254,2024-10-08 06:00:00,3,   P,7
3254,2024-10-08 07:00:00,3,   P,7
3254,2024-10-08 08:00:00,3,   P,7
3254,2024-10-08 09:00:00,3,   P,7
3254,2024-10-08 10:00:00,3,   P,7
3254,2024-10-08 11:00:00,3,   P,7
3254,2024-10-08 12:00:00,3,   P,7
3254,2024-10-09 05:00:00,3,   P,7
3254,2024-10-09 06:00:00,3,   P,7
3254,2024-10-09 07:00:00,3,   P,7
3254,2024-10-09 08:00:00,3,   P,2
3254,2024-10-09 09:00:00,3,   P,4
3254,2024-10-09 10:00:00,3,   P,5
3254,2024-10-09 11:00:00,3,   P,5
3254,2024-10-09 12:00:00,3,   P,7
3254,2024-10-10 05:00:00,3,   P,8
3254,2024-10-10 06:00:00,3,   P,8
3254,2024-10-10 07:00:00,3,   P,8
3254,2024-10-10 08:00:00,3,   P,8
3254,2024-10-10 09:00:00,3,   P,8
3254,2024-10-10 10:00:00,3,   P,7
3254,2024-10-10 11:00:00,3,   P,7
3254,2024-10-10 12:00:00,3,   P,7
3254,2024-10-11 05:00:00,3,   P,1
3254,2024-10-11 06:00:00,3,   P,2
3254,2024-10-11 07:00:00,3,   P,1
3254,2024-10-11 08:00:00,3,   P,1
3254,2024-10-11 09:00:00,3,   P,1
3254,2024-10-11 10:00:00,3,   P,1
3254,2024-10-14 04:00:00,3,   P,6
3254,2024-10-14 05:00:00,3,   P,7
3254,2024-10-14 06:00:00,3,   P,7
3254,2024-10-14 07:00:00,3,   P,7
3254,2024-10-14 08:00:00,3,   P,7
3254,2024-10-14 09:00:00,3,   P,7
3254,2024-10-14 10:00:00,3,   P,7
3254,2024-10-14 11:00:00,3,   P,7
3254,2024-10-14 12:00:00,3,   P,7
3254,2024-10-14 13:00:00,3,   P,7
3254,2024-10-14 14:00:00,3,   P,7
3254,2024-10-15 04:00:00,3,   P,1
3254,2024-10-15 05:00:00,3,   P,1
3254,2024-10-15 06:00:00,3,   P,2
3254,2024-10-15 07:00:00,3,   P,3
3254,2024-10-15 08:00:00,3,   P,2
3254,2024-10-15 09:00:00,3,   P,2
3254,2024-10-15 10:00:00,3,   P,2
3254,2024-10-15 11:00:00,3,   P,3
3254,2024-10-15 12:00:00,3,   P,4
3254,2024-10-15 13:00:00,3,   P,5
3254,2024-10-15 14:00:00,3,   P,6
3254,2024-10-16 04:00:00,3,   P,7
3254,2024-10-16 05:00:00,3,   P,7
3254,2024-10-16 06:00:00,3,   P,7
3254,2024-10-16 07:00:00,3,   P,7
3254,2024-10-16 08:00:00,3,   P,6
3254,2024-10-16 09:00:00,3,   P,7
3254,2024-10-16 10:00:00,3,   P,7
3254,2024-10-16 11:00:00,3,   P,6
3254,2024-10-16 12:00:00,3,   P,6
3254,2024-10-16 13:00:00,3,   P,6
3254,2024-10-16 14:00:00,3,   P,6
3254,2024-10-17 04:00:00,3,   P,7
3254,2024-10-17 05:00:00,3,   P,7
3254,2024-10-17 06:00:00,3,   P,7
3254,2024-10-17 07:00:00,3,   P,7
3254,2024-10-17 08:00:00,3,   P,7
3254,2024-10-17 09:00:00,3,   P,7
3254,2024-10-17 10:00:00,3,   P,7
3254,2024-10-17 11:00:00,3,   P,7
3254,2024-10-17 12:00:00,3,   P,7
3254,2024-10-17 13:00:00,3,   P,8
3254,2024-10-17 14:00:00,3,   P,7
3254,2024-10-18 04:00:00,3,   P,8
3254,2024-10-18 05:00:00,3,   P,7
3254,2024-10-18 06:00:00,3,   P,7
3254,2024-10-18 07:00:00,3,   P,4
3254,2024-10-18 08:00:00,3,   P,3
3254,2024-10-18 09:00:00,3,   P,2
3254,2024-10-18 10:00:00,3,   P,2
3254,2024-10-18 11:00:00,3,   P,2
3254,2024-10-21 04:00:00,3,   P,7
3254,2024-10-21 05:00:00,3,   P,7
3254,2024-10-21 06:00:00,3,   P,7
3254,2024-10-21 07:00:00,3,   P,7
3254,2024-10-21 08:00:00,3,   P,7
3254,2024-10-21 09:00:00,3,   P,7
3254,2024-10-21 10:00:00,3,   P,8
3254,2024-10-21 11:00:00,3,   P,8
3254,2024-10-21 12:00:00,3,   P,8
3254,2024-10-21 13:00:00,3,   P,7
3254,2024-10-21 14:00:00,3,   P,7
3254,2024-10-22 04:00:00,3,   P,8
3254,2024-10-22 05:00:00,3,   P,2
3254,2024-10-22 06:00:00,3,   P,3
3254,2024-10-22 07:00:00,3,   P,3
3254,2024-10-22 08:00:00,3,   P,3
3254,2024-10-22 09:00:00,3,   P,2
3254,2024-10-22 10:00:00,3,   P,2
3254,2024-10-22 11:00:00,3,   P,3
3254,2024-10-22 12:00:00,3,   P,2
3254,2024-10-22 13:00:00,3,   P,2
3254,2024-10-22 14:00:00,3,   P,1
3254,2024-10-23 05:00:00,3,   P,1
3254,2024-10-23 06:00:00,3,   P,7
3254,2024-10-23 07:00:00,3,   P,-1
3254,2024-10-23 08:00:00,3,   P,-1
3254,2024-10-23 09:00:00,3,   P,-1
3254,2024-10-23 10:00:00,3,   P,-1
3254,2024-10-23 11:00:00,3,   P,-1
3254,2024-10-23 12:00:00,3,   P,8
3254,2024-10-24 05:00:00,3,   P,7
3254,2024-10-24 06:00:00,3,   P,2
3254,2024-10-24 07:00:00,3,   P,1
3254,2024-10-24 08:00:00,3,   P,1
3254,2024-10-24 09:00:00,3,   P,1
3254,2024-10-24 10:00:00,3,   P,1
3254,2024-10-24 11:00:00,3,   P,1
3254,2024-10-24 12:00:00,3,   P,1
3254,2024-10-25 05:00:00,3,   P,8
3254,2024-10-25 06:00:00,3,   P,7
3254,2024-10-25 07:00:00,3,   P,7
3254,2024-10-25 08:00:00,3,   P,5
3254,2024-10-25 09:00:00,3,   P,4
3254,2024-10-25 10:00:00,3,   P,3
3254,2024-10-28 05:00:00,3,   P,5
3254,2024-10-28 06:00:00,3,   P,6
3254,2024-10-28 08:00:00,3,   P,7
3254,2024-10-28 09:00:00,3,   P,7
3254,2024-10-28 10:00:00,3,   P,7
3254,2024-10-28 11:00:00,3,   P,7
3254,2024-10-28 12:00:00,3,   P,8
3254,2024-10-28 13:00:00,3,   P,8
3254,2024-10-28 14:00:00,3,   P,8
3254,2024-10-28 15:00:00,3,   P,8
3254,2024-10-29 05:00:00,3,   P,8
3254,2024-10-29 06:00:00,3,   P,8
3254,2024-10-29 07:00:00,3,   P,8
3254,2024-10-29 08:00:00,3,   P,8
3254,2024-10-29 09:00:00,3,   P,8
3254,2024-10-29 10:00:00,3,   P,8
3254,2024-10-29 11:00:00,3,   P,8
3254,2024-10-29 12:00:00,3,   P,8
3254,2024-10-29 13:00:00,3,   P,7
3254,2024-10-29 14:00:00,3,   P,7
3254,2024-10-29 15:00:00,3,   P,7
3254,2024-10-30 05:00:00,3,   P,8
3254,2024-10-30 06:00:00,3,   P,8
3254,2024-10-30 07:00:00,3,   P,7
3254,2024-10-30 08:00:00,3,   P,8
3254,2024-10-30 09:00:00,3,   P,8
3254,2024-10-30 10:00:00,3,   P,7
3254,2024-10-30 11:00:00,3,   P,7
3254,2024-10-30 12:00:00,3,   P,7
3254,2024-10-30 13:00:00,3,   P,7
3254,2024-10-30 14:00:00,3,   P,7
3254,2024-10-30 15:00:00,3,   P,7
3254,2024-11-01 05:00:00,3,   P,8
3254,2024-11-01 06:00:00,3,   P,8
3254,2024-11-01 07:00:00,3,   P,8
3254,2024-11-01 08:00:00,3,   P,8
3254,2024-11-01 09:00:00,3,   P,8
3254,2024-11-01 10:00:00,3,   P,8
3254,2024-11-01 11:00:00,3,   P,8
3254,2024-11-01 12:00:00,3,   P,8
3254,2024-11-04 05:00:00,3,   P,8
3254,2024-11-04 06:00:00,3,   P,8
3254,2024-11-04 07:00:00,3,   P,8
3254,2024-11-04 08:00:00,3,   P,8
3254,2024-11-04 09:00:00,3,   P,8
3254,2024-11-04 10:00:00,3,   P,8
3254,2024-11-04 11:00:00,3,   P,8
3254,2024-11-04 12:00:00,3,   P,8
3254,2024-11-04 13:00:00,3,   P,8
3254,2024-11-04 14:00:00,3,   P,8
3254,2024-11-04 15:00:00,3,   P,8
3254,2024-11-05 06:00:00,3,   P,8
3254,2024-11-05 07:00:00,3,   P,8
3254,2024-11-05 08:00:00,3,   P,8
3254,2024-11-05 09:00:00,3,   P,7
3254,2024-11-05 10:00:00,3,   P,7
3254,2024-11-05 11:00:00,3,   P,3
3254,2024-11-05 12:00:00,3,   P,3
3254,2024-11-05 13:00:00,3,   P,3
3254,2024-11-06 06:00:00,3,   P,-1
3254,2024-11-06 07:00:00,3,   P,-1
3254,2024-11-06 08:00:00,3,   P,-1
3254,2024-11-06 09:00:00,3,   P,-1
3254,2024-11-06 10:00:00,3,   P,-1
3254,2024-11-06 11:00:00,3,   P,8
3254,2024-11-06 12:00:00,3,   P,8
3254,2024-11-06 13:00:00,3,   P,8
3254,2024-11-07 06:00:00,3,   P,8
3254,2024-11-07 07:00:00,3,   P,8
3254,2024-11-07 08:00:00,3,   P,8
3254,2024-11-07 09:00:00,3,   P,8
3254,2024-11-07 10:00:00,3,   P,8
3254,2024-11-07 11:00:00,3,   P,8
3254,2024-11-07 12:00:00,3,   P,8
3254,2024-11-07 13:00:00,3,   P,8
3254,2024-11-08 06:00:00,3,   P,8
3254,2024-11-08 07:00:00,3,   P,8
3254,2024-11-08 08:00:00,3,   P,8
3254,2024-11-08 09:00:00,3,   P,8
3254,2024-11-08 10:00:00,3,   P,8
3254,2024-11-08 11:00:00,3,   P,8
3254,2024-11-11 06:00:00,3,   P,8
3254,2024-11-11 07:00:00,3,   P,8
3254,2024-11-11 08:00:00,3,   P,8
3254,2024-11-11 09:00:00,3,   P,4
3254,2024-11-11 10:00:00,3,   P,4
3254,2024-11-11 11:00:00,3,   P,5
3254,2024-11-11 12:00:00,3,   P,7
3254,2024-11-11 13:00:00,3,   P,7
3254,2024-11-12 06:00:00,3,   P,7
3254,2024-11-12 07:00:00,3,   P,7
3254,2024-11-12 08:00:00,3,   P,3
3254,2024-11-12 09:00:00,3,   P,6
3254,2024-11-12 10:00:00,3,   P,6
3254,2024-11-12 11:00:00,3,   P,3
3254,2024-11-12 12:00:00,3,   P,2
3254,2024-11-12 13:00:00,3,   P,4
3254,2024-11-13 05:00:00,3,   P,-1
3254,2024-11-13 06:00:00,3,   P,8
3254,2024-11-13 07:00:00,3,   P,8
3254,2024-11-13 08:00:00,3,   P,7
3254,2024-11-13 09:00:00,3,   P,8
3254,2024-11-13 10:00:00,3,   P,8
3254,2024-11-13 11:00:00,3,   P,8
3254,2024-11-13 12:00:00,3,   P,8
3254,2024-11-13 13:00:00,3,   P,8
3254,2024-11-13 14:00:00,3,   P,7
3254,2024-11-13 15:00:00,3,   P,8
3254,2024-11-14 05:00:00,3,   P,7
3254,2024-11-14 06:00:00,3,   P,8
3254,2024-11-14 07:00:00,3,   P,8
3254,2024-11-14 08:00:00,3,   P,7
3254,2024-11-14 09:00:00,3,   P,7
3254,2024-11-14 10:00:00,3,   P,7
3254,2024-11-14 11:00:00,3,   P,7
3254,2024-11-14 12:00:00,3,   P,7
3254,2024-11-14 13:00:00,3,   P,7
3254,2024-11-14 14:00:00,3,   P,8
3254,2024-11-14 15:00:00,3,   P,7
3254,2024-11-15 05:00:00,3,   P,7
3254,2024-11-15 06:00:00,3,   P,7
3254,2024-11-15 07:00:00,3,   P,7
3254,2024-11-15 08:00:00,3,   P,7
3254,2024-11-15 09:00:00,3,   P,7
3254,2024-11-15 10:00:00,3,   P,7
3254,2024-11-15 11:00:00,3,   P,7
3254,2024-11-15 12:00:00,3,   P,7
3254,2024-11-18 06:00:00,3,   P,7
3254,2024-11-18 07:00:00,3,   P,5
3254,2024-11-18 08:00:00,3,   P,1
3254,2024-11-18 09:00:00,3,   P,1
3254,2024-11-18 10:00:00,3,   P,2
3254,2024-11-18 11:00:00,3,   P,3
3254,2024-11-18 12:00:00,3,   P,3
3254,2024-11-18 13:00:00,3,   P,4
3254,2024-11-19 05:00:00,3,   P,8
3254,2024-11-19 06:00:00,3,   P,8
3254,2024-11-19 07:00:00,3,   P,8
3254,2024-11-19 08:00:00,3,   P,8
3254,2024-11-19 09:00:00,3,   P,8
3254,2024-11-19 10:00:00,3,   P,8
3254,2024-11-19 11:00:00,3,   P,8
3254,2024-11-19 12:00:00,3,   P,8
3254,2024-11-19 13:00:00,3,   P,8
3254,2024-11-19 14:00:00,3,   P,8
3254,2024-11-19 15:00:00,3,   P,8
3254,2024-11-20 05:00:00,3,   P,7
3254,2024-11-20 06:00:00,3,   P,7
3254,2024-11-20 07:00:00,3,   P,5
3254,2024-11-20 08:00:00,3,   P,4
3254,2024-11-20 09:00:00,3,   P,7
3254,2024-11-20 10:00:00,3,   P,7
3254,2024-11-20 11:00:00,3,   P,7
3254,2024-11-20 12:00:00,3,   P,7
3254,2024-11-20 13:00:00,3,   P,7
3254,2024-11-20 14:00:00,3,   P,7
3254,2024-11-20 15:00:00,3,   P,7
3254,2024-11-21 05:00:00,3,   P,7
3254,2024-11-21 06:00:00,3,   P,6
3254,2024-11-21 07:00:00,3,   P,5
3254,2024-11-21 08:00:00,3,   P,4
3254,2024-11-21 09:00:00,3,   P,5
3254,2024-11-21 10:00:00,3,   P,6
3254,2024-11-21 11:00:00,3,   P,5
3254,2024-11-21 12:00:00,3,   P,7
3254,2024-11-22 06:00:00,3,   P,7
3254,2024-11-22 07:00:00,3,   P,8
3254,2024-11-22 08:00:00,3,   P,7
3254,2024-11-22 09:00:00,3,   P,6
3254,2024-11-22 10:00:00,3,   P,4
3254,2024-11-22 11:00:00,3,   P,7
3254,2024-11-25 05:00:00,3,   P,7
3254,2024-11-25 06:00:00,3,   P,7
3254,2024-11-25 07:00:00,3,   P,7
3254,2024-11-25 08:00:00,3,   P,7
3254,2024-11-25 09:00:00,3,   P,7
3254,2024-11-25 10:00:00,3,   P,7
3254,2024-11-25 11:00:00,3,   P,7
3254,2024-11-25 12:00:00,3,   P,8
3254,2024-11-25 13:00:00,3,   P,8
3254,2024-11-25 14:00:00,3,   P,8
3254,2024-11-25 15:00:00,3,   P,8
3254,2024-11-26 07:00:00,3,   P,5
3254,2024-11-26 08:00:00,3,   P,2
3254,2024-11-26 09:00:00,3,   P,2
3254,2024-11-26 10:00:00,3,   P,3
3254,2024-11-26 11:00:00,3,   P,3
3254,2024-11-26 12:00:00,3,   P,7
3254,2024-11-26 13:00:00,3,   P,7
3254,2024-11-26 14:00:00,3,   P,7
3254,2024-11-26 15:00:00,3,   P,7
3254,2024-11-27 05:00:00,3,   P,5
3254,2024-11-27 06:00:00,3,   P,7
3254,2024-11-27 07:00:00,3,   P,7
3254,2024-11-27 08:00:00,3,   P,8
3254,2024-11-27 09:00:00,3,   P,8
3254,2024-11-27 10:00:00,3,   P,8
3254,2024-11-27 11:00:00,3,   P,8
3254,2024-11-27 12:00:00,3,   P,8
3254,2024-11-27 13:00:00,3,   P,8
3254,2024-11-27 14:00:00,3,   P,8
3254,2024-11-27 15:00:00,3,   P,8
3254,2024-11-28 05:00:00,3,   P,7
3254,2024-11-28 06:00:00,3,   P,7
3254,2024-11-28 07:00:00,3,   P,2
3254,2024-11-28 08:00:00,3,   P,4
3254,2024-11-28 09:00:00,3,   P,5
3254,2024-11-28 10:00:00,3,   P,5
3254,2024-11-28 11:00:00,3,   P,7
3254,2024-11-28 12:00:00,3,   P,5
3254,2024-11-28 13:00:00,3,   P,5
3254,2024-11-28 14:00:00,3,   P,5
3254,2024-11-28 15:00:00,3,   P,3
3254,2024-11-29 05:00:00,3,   P,7
3254,2024-11-29 06:00:00,3,   P,7
3254,2024-11-29 07:00:00,3,   P,7
3254,2024-11-29 08:00:00,3,   P,7
3254,2024-11-29 09:00:00,3,   P,7
3254,2024-11-29 10:00:00,3,   P,7
3254,2024-11-29 11:00:00,3,   P,1
3254,2024-11-29 12:00:00,3,   P,2
3254,2024-12-02 05:00:00,3,   P,8
3254,2024-12-02 06:00:00,3,   P,8
3254,2024-12-02 07:00:00,3,   P,8
3254,2024-12-02 08:00:00,3,   P,8
3254,2024-12-02 09:00:00,3,   P,8
3254,2024-12-02 10:00:00,3,   P,8
3254,2024-12-02 11:00:00,3,   P,8
3254,2024-12-02 12:00:00,3,   P,8
3254,2024-12-02 13:00:00,3,   P,8
3254,2024-12-02 14:00:00,3,   P,7
3254,2024-12-02 15:00:00,3,   P,7
3254,2024-12-03 05:00:00,3,   P,8
3254,2024-12-03 06:00:00,3,   P,8
3254,2024-12-03 07:00:00,3,   P,8
3254,2024-12-03 08:00:00,3,   P,7
3254,2024-12-03 09:00:00,3,   P,6
3254,2024-12-03 10:00:00,3,   P,4
3254,2024-12-03 11:00:00,3,   P,7
3254,2024-12-03 12:00:00,3,   P,7
3254,2024-12-03 13:00:00,3,   P,6
3254,2024-12-03 14:00:00,3,   P,7
3254,2024-12-03 15:00:00,3,   P,7
3254,2024-12-04 05:00:00,3,   P,7
3254,2024-12-04 06:00:00,3,   P,7
3254,2024-12-04 07:00:00,3,   P,7
3254,2024-12-04 08:00:00,3,   P,7
3254,2024-12-04 09:00:00,3,   P,7
3254,2024-12-04 10:00:00,3,   P,5
3254,2024-12-04 11:00:00,3,   P,6
3254,2024-12-04 12:00:00,3,   P,3
3254,2024-12-04 13:00:00,3,   P,4
3254,2024-12-04 14:00:00,3,   P,2
3254,2024-12-04 15:00:00,3,   P,3
3254,2024-12-05 05:00:00,3,   P,7
3254,2024-12-05 06:00:00,3,   P,7
3254,2024-12-05 07:00:00,3,   P,7
3254,2024-12-05 08:00:00,3,   P,7
3254,2024-12-05 09:00:00,3,   P,7
3254,2024-12-05 10:00:00,3,   P,7
3254,2024-12-05 11:00:00,3,   P,7
3254,2024-12-05 12:00:00,3,   P,8
3254,2024-12-05 13:00:00,3,   P,8
3254,2024-12-05 14:00:00,3,   P,8
3254,2024-12-05 15:00:00,3,   P,8
3254,2024-12-06 05:00:00,3,   P,8
3254,2024-12-06 06:00:00,3,   P,8
3254,2024-12-06 07:00:00,3,   P,8
3254,2024-12-06 08:00:00,3,   P,8
3254,2024-12-06 09:00:00,3,   P,8
3254,2024-12-06 10:00:00,3,   P,8
3254,2024-12-06 11:00:00,3,   P,8
3254,2024-12-09 05:00:00,3,   P,8
3254,2024-12-09 06:00:00,3,   P,8
3254,2024-12-09 07:00:00,3,   P,8
3254,2024-12-09 08:00:00,3,   P,8
3254,2024-12-09 09:00:00,3,   P,8
3254,2024-12-09 10:00:00,3,   P,8
3254,2024-12-09 11:00:00,3,   P,8
3254,2024-12-09 12:00:00,3,   P,8
3254,2024-12-09 13:00:00,3,   P,8
3254,2024-12-09 14:00:00,3,   P,8
3254,2024-12-09 15:00:00,3,   P,8
3254,2024-12-10 06:00:00,3,   P,8
3254,2024-12-10 07:00:00,3,   P,8
3254,2024-12-10 08:00:00,3,   P,8
3254,2024-12-10 09:00:00,3,   P,8
3254,2024-12-10 10:00:00,3,   P,8
3254,2024-12-10 11:00:00,3,   P,8
3254,2024-12-10 12:00:00,3,   P,8
3254,2024-12-10 13:00:00,3,   P,8
3254,2024-12-11 06:00:00,3,   P,8
3254,2024-12-11 07:00:00,3,   P,8
3254,2024-12-11 08:00:00,3,   P,8
3254,2024-12-11 09:00:00,3,   P,8
3254,2024-12-11 10:00:00,3,   P,8
3254,2024-12-11 11:00:00,3,   P,8
3254,2024-12-11 12:00:00,3,   P,8
3254,2024-12-11 13:00:00,3,   P,8
3254,2024-12-12 06:00:00,3,   P,8
3254,2024-12-12 07:00:00,3,   P,8
3254,2024-12-12 08:00:00,3,   P,8
3254,2024-12-12 09:00:00,3,   P,8
3254,2024-12-12 10:00:00,3,   P,8
3254,2024-12-12 11:00:00,3,   P,8
3254,2024-12-12 12:00:00,3,   P,8
3254,2024-12-12 13:00:00,3,   P,8
3254,2024-12-13 07:00:00,3,   P,8
3254,2024-12-13 08:00:00,3,   P,8
3254,2024-12-13 09:00:00,3,   P,8
3254,2024-12-13 10:00:00,3,   P,8
3254,2024-12-13 11:00:00,3,   P,8
3254,2024-12-13 12:00:00,3,   P,8
3254,2024-12-16 05:00:00,3,   P,8
3254,2024-12-16 06:00:00,3,   P,8
3254,2024-12-16 07:00:00,3,   P,8
3254,2024-12-16 08:00:00,3,   P,8
3254,2024-12-16 09:00:00,3,   P,8
3254,2024-12-16 10:00:00,3,   P,8
3254,2024-12-16 11:00:00,3,   P,8
3254,2024-12-16 12:00:00,3,   P,7
3254,2024-12-16 13:00:00,3,   P,7
3254,2024-12-16 14:00:00,3,   P,7
3254,2024-12-16 15:00:00,3,   P,8
3254,2024-12-17 05:00:00,3,   P,7
3254,2024-12-17 06:00:00,3,   P,7
3254,2024-12-17 07:00:00,3,   P,7
3254,2024-12-17 08:00:00,3,   P,7
3254,2024-12-17 09:00:00,3,   P,7
3254,2024-12-17 10:00:00,3,   P,7
3254,2024-12-17 11:00:00,3,   P,7
3254,2024-12-17 12:00:00,3,   P,7
3254,2024-12-17 13:00:00,3,   P,7
3254,2024-12-17 14:00:00,3,   P,7
3254,2024-12-17 15:00:00,3,   P,7
3254,2024-12-18 05:00:00,3,   P,7
3254,2024-12-18 06:00:00,3,   P,7
3254,2024-12-18 07:00:00,3,   P,7
3254,2024-12-18 08:00:00,3,   P,7
3254,2024-12-18 09:00:00,3,   P,8
3254,2024-12-18 10:00:00,3,   P,8
3254,2024-12-18 11:00:00,3,   P,8
3254,2024-12-18 12:00:00,3,   P,8
3254,2024-12-18 13:00:00,3,   P,8
3254,2024-12-18 14:00:00,3,   P,8
3254,2024-12-18 15:00:00,3,   P,8
3254,2024-12-19 05:00:00,3,   P,7
3254,2024-12-19 06:00:00,3,   P,7
3254,2024-12-19 07:00:00,3,   P,7
3254,2024-12-19 08:00:00,3,   P,7
3254,2024-12-19 09:00:00,3,   P,7
3254,2024-12-19 10:00:00,3,   P,7
3254,2024-12-19 11:00:00,3,   P,8
3254,2024-12-19 12:00:00,3,   P,8
3254,2024-12-19 13:00:00,3,   P,8
3254,2024-12-19 14:00:00,3,   P,8
3254,2024-12-19 15:00:00,3,   P,8
3254,2024-12-20 05:00:00,3,   P,3
3254,2024-12-20 06:00:00,3,   P,4
3254,2024-12-20 07:00:00,3,   P,3
3254,2024-12-20 08:00:00,3,   P,6
3254,2024-12-20 09:00:00,3,   P,6
3254,2024-12-20 10:00:00,3,   P,7
3254,2024-12-20 11:00:00,3,   P,7
3254,2024-12-20 12:00:00,3,   P,7
3254,2024-12-23 06:00:00,3,   P,2
3254,2024-12-23 07:00:00,3,   P,7
3254,2024-12-23 08:00:00,3,   P,2
3254,2024-12-23 09:00:00,3,   P,5
3254,2024-12-23 10:00:00,3,   P,3
3254,2024-12-23 11:00:00,3,   P,3
3254,2024-12-23 12:00:00,3,   P,6
3254,2024-12-23 13:00:00,3,   P,2
3254,2024-12-27 06:00:00,3,   P,-1
3254,2024-12-27 07:00:00,3,   P,-1
3254,2024-12-27 08:00:00,3,   P,-1
3254,2024-12-27 09:00:00,3,   P,-1
3254,2024-12-27 10:00:00,3,   P,-1
3254,2024-12-27 11:00:00,3,   P,-1
3254,2024-12-30 06:00:00,3,   P,8
3254,2024-12-30 07:00:00,3,   P,8
3254,2024-12-30 08:00:00,3,   P,8
3254,2024-12-30 09:00:00,3,   P,8
3254,2024-12-30 10:00:00,3,   P,8
3254,2024-12-30 11:00:00,3,   P,8
3254,2024-12-30 12:00:00,3,   P,8
3254,2024-12-30 13:00:00,3,   P,8
