"station_id","start_date","end_date","filename","date","time","size_bytes"
"00003","19500401","20110331","stundenwerte_TU_00003_19500401_20110331_hist.zip","15-May-2025","09:45:05","2859530"
"00044","20070401","20241231","stundenwerte_TU_00044_20070401_20241231_hist.zip","15-May-2025","09:45:18","835465"
"00052","19760101","19880101","stundenwerte_TU_00052_19760101_19880101_hist.zip","15-May-2025","09:45:06","551483"
"00071","20091201","20191231","stundenwerte_TU_00071_20091201_20191231_hist.zip","15-May-2025","09:45:05","488694"
"00073","20070401","20241231","stundenwerte_TU_00073_20070401_20241231_hist.zip","15-May-2025","09:45:09","842826"
"00078","20041101","20241231","stundenwerte_TU_00078_20041101_20241231_hist.zip","15-May-2025","09:45:18","952754"
"00091","20040901","20241231","stundenwerte_TU_00091_20040901_20241231_hist.zip","15-May-2025","09:45:16","966491"
"00096","20190409","20241231","stundenwerte_TU_00096_20190409_20241231_hist.zip","15-May-2025","09:45:13","280673"
"00102","20020101","20241231","stundenwerte_TU_00102_20020101_20241231_hist.zip","15-May-2025","09:45:18","1000869"
"00125","19710104","20241231","stundenwerte_TU_00125_19710104_20241231_hist.zip","15-May-2025","09:45:09","1928309"
"00131","20041101","20241231","stundenwerte_TU_00131_20041101_20241231_hist.zip","15-May-2025","09:45:21","961654"
"00142","19820101","20241231","stundenwerte_TU_00142_19820101_20241231_hist.zip","15-May-2025","09:45:09","1974522"
"00150","20050701","20241231","stundenwerte_TU_00150_20050701_20241231_hist.zip","15-May-2025","09:45:20","927712"
"00151","20050301","20241231","stundenwerte_TU_00151_20050301_20241231_hist.zip","15-May-2025","09:45:09","949809"
"00154","20050301","20241231","stundenwerte_TU_00154_20050301_20241231_hist.zip","15-May-2025","09:45:09","943358"
"00161","20110901","20241231","stundenwerte_TU_00161_20110901_20241231_hist.zip","15-May-2025","09:45:20","646376"
"00164","19560101","20241231","stundenwerte_TU_00164_19560101_20241231_hist.zip","15-May-2025","09:45:14","3243799"
"00167","20040901","20241231","stundenwerte_TU_00167_20040901_20241231_hist.zip","15-May-2025","09:45:17","962678"
"00175","19550101","19751231","stundenwerte_TU_00175_19550101_19751231_hist.zip","15-May-2025","09:45:05","985123"
"00181","19990928","20081103","stundenwerte_TU_00181_19990928_20081103_hist.zip","15-May-2025","09:45:05","193039"
"00183","19730101","20241231","stundenwerte_TU_00183_19730101_20241231_hist.zip","15-May-2025","09:45:17","2347527"
"00191","20041104","20241231","stundenwerte_TU_00191_20041104_20241231_hist.zip","15-May-2025","09:45:09","962932"
"00198","19610101","20241231","stundenwerte_TU_00198_19610101_20241231_hist.zip","15-May-2025","09:45:22","3032544"
"00217","20050101","20241231","stundenwerte_TU_00217_20050101_20241231_hist.zip","15-May-2025","09:45:09","963891"
"00222","19820101","20241231","stundenwerte_TU_00222_19820101_20241231_hist.zip","15-May-2025","09:45:21","1964692"
"00232","19550101","20241231","stundenwerte_TU_00232_19550101_20241231_hist.zip","15-May-2025","09:45:09","3306007"
"00257","20021101","20241231","stundenwerte_TU_00257_20021101_20241231_hist.zip","15-May-2025","09:45:05","1083500"
"00259","20040701","20241231","stundenwerte_TU_00259_20040701_20241231_hist.zip","15-May-2025","09:45:07","990365"
"00282","19610101","20241231","stundenwerte_TU_00282_19610101_20241231_hist.zip","15-May-2025","09:45:09","3030637"
"00284","19470101","19550101","stundenwerte_TU_00284_19470101_19550101_hist.zip","15-May-2025","09:45:05","382338"
"00294","20040701","20241231","stundenwerte_TU_00294_20040701_20241231_hist.zip","15-May-2025","09:45:18","975819"
"00298","19810101","20241231","stundenwerte_TU_00298_19810101_20241231_hist.zip","15-May-2025","09:45:17","1943532"
"00303","19930819","20241231","stundenwerte_TU_00303_19930819_20241231_hist.zip","15-May-2025","09:45:14","1500952"
"00314","20040501","20241231","stundenwerte_TU_00314_20040501_20241231_hist.zip","15-May-2025","09:45:21","988023"
"00320","20060701","20241231","stundenwerte_TU_00320_20060701_20241231_hist.zip","15-May-2025","09:45:09","885890"
"00326","20040701","20130708","stundenwerte_TU_00326_20040701_20130708_hist.zip","15-May-2025","09:45:06","433762"
"00330","20040801","20241231","stundenwerte_TU_00330_20040801_20241231_hist.zip","15-May-2025","09:45:16","950804"
"00342","20101201","20241231","stundenwerte_TU_00342_20101201_20241231_hist.zip","15-May-2025","09:45:18","673389"
"00348","19891215","20110901","stundenwerte_TU_00348_19891215_20110901_hist.zip","15-May-2025","09:45:06","1047614"
"00361","19480101","19760101","stundenwerte_TU_00361_19480101_19760101_hist.zip","15-May-2025","09:45:06","1297109"
"00368","20020101","20241231","stundenwerte_TU_00368_20020101_20241231_hist.zip","15-May-2025","09:45:18","1107472"
"00377","20041001","20241231","stundenwerte_TU_00377_20041001_20241231_hist.zip","15-May-2025","09:45:20","967334"
"00379","20170901","20241231","stundenwerte_TU_00379_20170901_20241231_hist.zip","15-May-2025","09:45:22","359207"
"00390","20040701","20241231","stundenwerte_TU_00390_20040701_20241231_hist.zip","15-May-2025","09:45:19","950549"
"00399","19691201","20110801","stundenwerte_TU_00399_19691201_20110801_hist.zip","15-May-2025","09:45:06","1878460"
"00400","19910101","20241231","stundenwerte_TU_00400_19910101_20241231_hist.zip","15-May-2025","09:45:13","1218399"
"00403","20020101","20241231","stundenwerte_TU_00403_20020101_20241231_hist.zip","15-May-2025","09:45:13","1117648"
"00410","20040501","20200615","stundenwerte_TU_00410_20040501_20200615_hist.zip","15-May-2025","09:45:06","716392"
"00420","20070801","20241231","stundenwerte_TU_00420_20070801_20241231_hist.zip","15-May-2025","09:45:13","771738"
"00424","19610101","19810101","stundenwerte_TU_00424_19610101_19810101_hist.zip","15-May-2025","09:45:05","933050"
"00427","19730101","20241231","stundenwerte_TU_00427_19730101_20241231_hist.zip","15-May-2025","09:45:14","2474015"
"00430","19860101","20210505","stundenwerte_TU_00430_19860101_20210505_hist.zip","15-May-2025","09:45:06","1692525"
"00433","19510101","20241231","stundenwerte_TU_00433_19510101_20241231_hist.zip","15-May-2025","09:45:13","3043349"
"00445","20050701","20241231","stundenwerte_TU_00445_20050701_20241231_hist.zip","15-May-2025","09:45:21","937449"
"00450","20051101","20121204","stundenwerte_TU_00450_20051101_20121204_hist.zip","15-May-2025","09:45:05","343051"
"00460","19610101","20241231","stundenwerte_TU_00460_19610101_20241231_hist.zip","15-May-2025","09:45:21","2978666"
"00474","19750601","19780601","stundenwerte_TU_00474_19750601_19780601_hist.zip","15-May-2025","09:45:05","143427"
"00535","20040601","20241231","stundenwerte_TU_00535_20040601_20241231_hist.zip","15-May-2025","09:45:20","976326"
"00553","19510101","19740901","stundenwerte_TU_00553_19510101_19740901_hist.zip","15-May-2025","09:45:06","1108412"
"00554","19740901","20060228","stundenwerte_TU_00554_19740901_20060228_hist.zip","15-May-2025","09:45:06","1482963"
"00555","20080101","20241231","stundenwerte_TU_00555_20080101_20241231_hist.zip","15-May-2025","09:45:20","622819"
"00591","19730101","20241231","stundenwerte_TU_00591_19730101_20241231_hist.zip","15-May-2025","09:45:17","2008891"
"00596","19730101","20241231","stundenwerte_TU_00596_19730101_20241231_hist.zip","15-May-2025","09:45:17","2393956"
"00598","19490101","19570101","stundenwerte_TU_00598_19490101_19570101_hist.zip","15-May-2025","09:45:06","380668"
"00599","19840101","19971201","stundenwerte_TU_00599_19840101_19971201_hist.zip","15-May-2025","09:45:06","401590"
"00603","20010403","20241231","stundenwerte_TU_00603_20010403_20241231_hist.zip","15-May-2025","09:45:20","1162819"
"00617","20040601","20241231","stundenwerte_TU_00617_20040601_20241231_hist.zip","15-May-2025","09:45:20","980644"
"00656","19480101","20241231","stundenwerte_TU_00656_19480101_20241231_hist.zip","15-May-2025","09:45:18","3541288"
"00662","19510101","20241231","stundenwerte_TU_00662_19510101_20241231_hist.zip","15-May-2025","09:45:18","3480306"
"00685","20020101","20061031","stundenwerte_TU_00685_20020101_20061031_hist.zip","15-May-2025","09:45:06","257246"
"00691","19490101","20241231","stundenwerte_TU_00691_19490101_20241231_hist.zip","15-May-2025","09:45:15","3560679"
"00701","19490101","20241231","stundenwerte_TU_00701_19490101_20241231_hist.zip","15-May-2025","09:45:15","3483689"
"00704","19910101","20241231","stundenwerte_TU_00704_19910101_20241231_hist.zip","15-May-2025","09:45:18","1538921"
"00722","19510101","20241231","stundenwerte_TU_00722_19510101_20241231_hist.zip","15-May-2025","09:45:21","3135854"
"00755","20040601","20241231","stundenwerte_TU_00755_20040601_20241231_hist.zip","15-May-2025","09:45:07","982936"
"00757","20040601","20241231","stundenwerte_TU_00757_20040601_20241231_hist.zip","15-May-2025","09:45:07","986103"
"00760","20171201","20241231","stundenwerte_TU_00760_20171201_20241231_hist.zip","15-May-2025","09:45:18","340993"
"00766","20020101","20241231","stundenwerte_TU_00766_20020101_20241231_hist.zip","15-May-2025","09:45:21","1099265"
"00769","20020101","20241231","stundenwerte_TU_00769_20020101_20241231_hist.zip","15-May-2025","09:45:18","1117018"
"00817","20050201","20241231","stundenwerte_TU_00817_20050201_20241231_hist.zip","15-May-2025","09:45:16","947818"
"00840","19910101","20241231","stundenwerte_TU_00840_19910101_20241231_hist.zip","15-May-2025","09:45:21","1560174"
"00850","20020101","20241231","stundenwerte_TU_00850_20020101_20241231_hist.zip","15-May-2025","09:45:18","1108988"
"00853","19510101","20241231","stundenwerte_TU_00853_19510101_20241231_hist.zip","15-May-2025","09:45:22","3489901"
"00856","19910101","20241231","stundenwerte_TU_00856_19910101_20241231_hist.zip","15-May-2025","09:45:09","1614763"
"00860","20231001","20241231","stundenwerte_TU_00860_20231001_20241231_hist.zip","15-May-2025","09:45:18","66981"
"00863","20071001","20120403","stundenwerte_TU_00863_20071001_20120403_hist.zip","15-May-2025","09:45:06","206977"
"00867","19470101","20241231","stundenwerte_TU_00867_19470101_20241231_hist.zip","15-May-2025","09:45:09","3654646"
"00876","19730101","19890101","stundenwerte_TU_00876_19730101_19890101_hist.zip","15-May-2025","09:45:06","580749"
"00879","20020101","20030611","stundenwerte_TU_00879_20020101_20030611_hist.zip","15-May-2025","09:45:06","61059"
"00880","19560101","20241231","stundenwerte_TU_00880_19560101_20241231_hist.zip","15-May-2025","09:45:14","3161967"
"00891","19510101","20241231","stundenwerte_TU_00891_19510101_20241231_hist.zip","15-May-2025","09:45:18","3365760"
"00896","20040801","20241231","stundenwerte_TU_00896_20040801_20241231_hist.zip","15-May-2025","09:45:22","983964"
"00917","20040901","20241231","stundenwerte_TU_00917_20040901_20241231_hist.zip","15-May-2025","09:45:16","973028"
"00919","19580101","19720101","stundenwerte_TU_00919_19580101_19720101_hist.zip","15-May-2025","09:45:06","656248"
"00953","19550101","20241231","stundenwerte_TU_00953_19550101_20241231_hist.zip","15-May-2025","09:45:21","3254047"
"00954","20000501","20241231","stundenwerte_TU_00954_20000501_20241231_hist.zip","15-May-2025","09:45:15","946857"
"00963","19940103","20241231","stundenwerte_TU_00963_19940103_20241231_hist.zip","15-May-2025","09:45:18","1473294"
"00979","20040901","20230313","stundenwerte_TU_00979_20040901_20230313_hist.zip","15-May-2025","09:45:06","869321"
"00982","19760101","19780601","stundenwerte_TU_00982_19760101_19780601_hist.zip","15-May-2025","09:45:06","114356"
"00983","20061201","20241231","stundenwerte_TU_00983_20061201_20241231_hist.zip","15-May-2025","09:45:09","861800"
"00991","20050201","20241231","stundenwerte_TU_00991_20050201_20241231_hist.zip","15-May-2025","09:45:21","955378"
"01001","19810101","20241231","stundenwerte_TU_01001_19810101_20241231_hist.zip","15-May-2025","09:45:14","1994540"
"01048","19730101","20241231","stundenwerte_TU_01048_19730101_20241231_hist.zip","15-May-2025","09:45:22","2469317"
"01050","20060401","20241231","stundenwerte_TU_01050_20060401_20241231_hist.zip","15-May-2025","09:45:22","887539"
"01051","20070301","20230814","stundenwerte_TU_01051_20070301_20230814_hist.zip","15-May-2025","09:45:07","795355"
"01052","20040701","20241231","stundenwerte_TU_01052_20040701_20241231_hist.zip","15-May-2025","09:45:21","982724"
"01072","20040601","20241231","stundenwerte_TU_01072_20040601_20241231_hist.zip","15-May-2025","09:45:21","992970"
"01078","19760301","20241231","stundenwerte_TU_01078_19760301_20241231_hist.zip","15-May-2025","09:45:20","2327961"
"01103","20061001","20241231","stundenwerte_TU_01103_20061001_20241231_hist.zip","15-May-2025","09:45:09","859847"
"01107","20041201","20241231","stundenwerte_TU_01107_20041201_20241231_hist.zip","15-May-2025","09:45:09","954560"
"01130","20020101","20050422","stundenwerte_TU_01130_20020101_20050422_hist.zip","15-May-2025","09:45:06","141062"
"01161","20050201","20241231","stundenwerte_TU_01161_20050201_20241231_hist.zip","15-May-2025","09:45:09","948346"
"01197","19480101","20241231","stundenwerte_TU_01197_19480101_20241231_hist.zip","15-May-2025","09:45:07","1405763"
"01200","20020101","20241231","stundenwerte_TU_01200_20020101_20241231_hist.zip","15-May-2025","09:45:22","1088462"
"01207","20060301","20241231","stundenwerte_TU_01207_20060301_20241231_hist.zip","15-May-2025","09:45:22","886374"
"01214","20040801","20241231","stundenwerte_TU_01214_20040801_20241231_hist.zip","15-May-2025","09:45:07","977874"
"01219","19710101","19981102","stundenwerte_TU_01219_19710101_19981102_hist.zip","15-May-2025","09:45:05","1075593"
"01221","19490101","19710101","stundenwerte_TU_01221_19490101_19710101_hist.zip","15-May-2025","09:45:05","992117"
"01224","20021201","20241231","stundenwerte_TU_01224_20021201_20241231_hist.zip","15-May-2025","09:45:07","1072004"
"01228","20020101","20241231","stundenwerte_TU_01228_20020101_20241231_hist.zip","15-May-2025","09:45:15","877475"
"01239","20040701","20080923","stundenwerte_TU_01239_20040701_20080923_hist.zip","15-May-2025","09:45:06","208978"
"01246","20150801","20241231","stundenwerte_TU_01246_20150801_20241231_hist.zip","15-May-2025","09:45:20","454680"
"01255","20021201","20241231","stundenwerte_TU_01255_20021201_20241231_hist.zip","15-May-2025","09:45:07","947050"
"01262","19920517","20241231","stundenwerte_TU_01262_19920517_20241231_hist.zip","15-May-2025","09:45:09","1566832"
"01266","20040601","20241231","stundenwerte_TU_01266_20040601_20241231_hist.zip","15-May-2025","09:45:22","961476"
"01270","19510101","20241231","stundenwerte_TU_01270_19510101_20241231_hist.zip","15-May-2025","09:45:22","3472215"
"01279","19861101","20241231","stundenwerte_TU_01279_19861101_20241231_hist.zip","15-May-2025","09:45:09","985441"
"01297","20041001","20241231","stundenwerte_TU_01297_20041001_20241231_hist.zip","15-May-2025","09:45:16","967396"
"01300","20040601","20241231","stundenwerte_TU_01300_20040601_20241231_hist.zip","15-May-2025","09:45:20","957787"
"01303","19510101","20241231","stundenwerte_TU_01303_19510101_20241231_hist.zip","15-May-2025","09:45:20","3478089"
"01327","20040801","20241231","stundenwerte_TU_01327_20040801_20241231_hist.zip","15-May-2025","09:45:20","981238"
"01332","20050301","20241231","stundenwerte_TU_01332_20050301_20241231_hist.zip","15-May-2025","09:45:09","945828"
"01339","20020101","20241231","stundenwerte_TU_01339_20020101_20241231_hist.zip","15-May-2025","09:45:18","1087210"
"01341","20081201","20110929","stundenwerte_TU_01341_20081201_20110929_hist.zip","15-May-2025","09:45:06","125652"
"01346","19520101","20241231","stundenwerte_TU_01346_19520101_20241231_hist.zip","15-May-2025","09:45:07","3250339"
"01357","20050301","20241231","stundenwerte_TU_01357_20050301_20241231_hist.zip","15-May-2025","09:45:09","930587"
"01358","19510101","20241231","stundenwerte_TU_01358_19510101_20241231_hist.zip","15-May-2025","09:45:22","3216791"
"01411","20070101","20241231","stundenwerte_TU_01411_20070101_20241231_hist.zip","15-May-2025","09:45:22","842121"
"01420","19810101","20241231","stundenwerte_TU_01420_19810101_20241231_hist.zip","15-May-2025","09:45:16","2111584"
"01421","19620101","19840901","stundenwerte_TU_01421_19620101_19840901_hist.zip","15-May-2025","09:45:05","1062725"
"01424","20080801","20241231","stundenwerte_TU_01424_20080801_20241231_hist.zip","15-May-2025","09:45:16","789757"
"01425","19480101","19620101","stundenwerte_TU_01425_19480101_19620101_hist.zip","15-May-2025","09:45:05","652494"
"01426","19610101","19850101","stundenwerte_TU_01426_19610101_19850101_hist.zip","15-May-2025","09:45:05","907650"
"01443","19510101","20241231","stundenwerte_TU_01443_19510101_20241231_hist.zip","15-May-2025","09:45:07","3550459"
"01451","20040601","20241231","stundenwerte_TU_01451_20040601_20241231_hist.zip","15-May-2025","09:45:18","960697"
"01468","19510101","20241231","stundenwerte_TU_01468_19510101_20241231_hist.zip","15-May-2025","09:45:07","3441275"
"01473","20060101","20190228","stundenwerte_TU_01473_20060101_20190228_hist.zip","15-May-2025","09:45:06","631246"
"01490","19650101","19770801","stundenwerte_TU_01490_19650101_19770801_hist.zip","15-May-2025","09:45:05","593505"
"01503","20121001","20241231","stundenwerte_TU_01503_20121001_20241231_hist.zip","15-May-2025","09:45:18","581725"
"01504","20020101","20241231","stundenwerte_TU_01504_20020101_20241231_hist.zip","15-May-2025","09:45:16","1117790"
"01515","20021104","20030814","stundenwerte_TU_01515_20021104_20030814_hist.zip","15-May-2025","09:45:05","20813"
"01526","20041101","20241231","stundenwerte_TU_01526_20041101_20241231_hist.zip","15-May-2025","09:45:16","696284"
"01544","19510101","20241231","stundenwerte_TU_01544_19510101_20241231_hist.zip","15-May-2025","09:45:21","3210408"
"01550","19480101","20241231","stundenwerte_TU_01550_19480101_20241231_hist.zip","15-May-2025","09:45:10","3603430"
"01572","20020101","20241231","stundenwerte_TU_01572_20020101_20241231_hist.zip","15-May-2025","09:45:20","922840"
"01580","19460101","20241231","stundenwerte_TU_01580_19460101_20241231_hist.zip","15-May-2025","09:45:16","3719311"
"01583","19510101","19710101","stundenwerte_TU_01583_19510101_19710101_hist.zip","15-May-2025","09:45:05","902200"
"01584","20090601","20241031","stundenwerte_TU_01584_20090601_20241031_hist.zip","15-May-2025","09:45:07","745037"
"01587","19910101","20241231","stundenwerte_TU_01587_19910101_20241231_hist.zip","15-May-2025","09:45:10","1458651"
"01590","20030701","20241231","stundenwerte_TU_01590_20030701_20241231_hist.zip","15-May-2025","09:45:20","1024483"
"01602","20040701","20241231","stundenwerte_TU_01602_20040701_20241231_hist.zip","15-May-2025","09:45:07","985843"
"01605","19820101","20241231","stundenwerte_TU_01605_19820101_20241231_hist.zip","15-May-2025","09:45:21","1957726"
"01612","19730101","20241231","stundenwerte_TU_01612_19730101_20241231_hist.zip","15-May-2025","09:45:22","2461070"
"01639","19500101","20241231","stundenwerte_TU_01639_19500101_20241231_hist.zip","15-May-2025","09:45:16","3537436"
"01645","20040501","20241231","stundenwerte_TU_01645_20040501_20241231_hist.zip","15-May-2025","09:45:16","957213"
"01666","20020101","20241231","stundenwerte_TU_01666_20020101_20241231_hist.zip","15-May-2025","09:45:22","1098637"
"01684","19510101","20241231","stundenwerte_TU_01684_19510101_20241231_hist.zip","15-May-2025","09:45:22","3499341"
"01691","19480101","20241231","stundenwerte_TU_01691_19480101_20241231_hist.zip","15-May-2025","09:45:19","3646156"
"01694","19810101","20241231","stundenwerte_TU_01694_19810101_20241231_hist.zip","15-May-2025","09:45:17","1959389"
"01721","20061001","20241231","stundenwerte_TU_01721_20061001_20241231_hist.zip","15-May-2025","09:45:10","862971"
"01735","20050301","20241231","stundenwerte_TU_01735_20050301_20241231_hist.zip","15-May-2025","09:45:10","943215"
"01736","20020124","20241231","stundenwerte_TU_01736_20020124_20241231_hist.zip","15-May-2025","09:45:22","1136274"
"01757","19780101","20241231","stundenwerte_TU_01757_19780101_20241231_hist.zip","15-May-2025","09:45:17","2201993"
"01758","19510101","19780101","stundenwerte_TU_01758_19510101_19780101_hist.zip","15-May-2025","09:45:05","1228790"
"01759","20001025","20241231","stundenwerte_TU_01759_20001025_20241231_hist.zip","15-May-2025","09:45:17","1090534"
"01766","19891001","20241231","stundenwerte_TU_01766_19891001_20241231_hist.zip","15-May-2025","09:45:20","1677440"
"01792","20200814","20241231","stundenwerte_TU_01792_20200814_20241231_hist.zip","15-May-2025","09:45:19","213076"
"01803","19910101","20241231","stundenwerte_TU_01803_19910101_20241231_hist.zip","15-May-2025","09:45:17","1007119"
"01832","19821101","20241231","stundenwerte_TU_01832_19821101_20241231_hist.zip","15-May-2025","09:45:10","1887661"
"01833","19480101","19821101","stundenwerte_TU_01833_19480101_19821101_hist.zip","15-May-2025","09:45:05","1562397"
"01834","19510101","19780701","stundenwerte_TU_01834_19510101_19780701_hist.zip","15-May-2025","09:45:05","1199720"
"01863","20071201","20241231","stundenwerte_TU_01863_20071201_20241231_hist.zip","15-May-2025","09:45:16","813506"
"01869","19810101","20241231","stundenwerte_TU_01869_19810101_20241231_hist.zip","15-May-2025","09:45:14","1964640"
"01886","20160901","20241231","stundenwerte_TU_01886_20160901_20241231_hist.zip","15-May-2025","09:45:10","403926"
"01957","19530101","20150323","stundenwerte_TU_01957_19530101_20150323_hist.zip","15-May-2025","09:45:05","2452167"
"01960","19600101","19710101","stundenwerte_TU_01960_19600101_19710101_hist.zip","15-May-2025","09:45:05","505356"
"01964","20050501","20241231","stundenwerte_TU_01964_20050501_20241231_hist.zip","15-May-2025","09:45:21","915684"
"01975","19490101","20241231","stundenwerte_TU_01975_19490101_20241231_hist.zip","15-May-2025","09:45:16","3521223"
"01981","20050301","20241231","stundenwerte_TU_01981_20050301_20241231_hist.zip","15-May-2025","09:45:16","945042"
"02014","19490101","20241231","stundenwerte_TU_02014_19490101_20241231_hist.zip","15-May-2025","09:45:19","3584872"
"02023","20020101","20241231","stundenwerte_TU_02023_20020101_20241231_hist.zip","15-May-2025","09:45:10","1096349"
"02039","20061101","20241231","stundenwerte_TU_02039_20061101_20241231_hist.zip","15-May-2025","09:45:19","874263"
"02044","19810101","20241231","stundenwerte_TU_02044_19810101_20241231_hist.zip","15-May-2025","09:45:21","1971259"
"02074","20040601","20241231","stundenwerte_TU_02074_20040601_20241231_hist.zip","15-May-2025","09:45:07","993746"
"02080","20040701","20120912","stundenwerte_TU_02080_20040701_20120912_hist.zip","15-May-2025","09:45:06","400783"
"02081","19480101","19550101","stundenwerte_TU_02081_19480101_19550101_hist.zip","15-May-2025","09:45:06","323787"
"02088","20040601","20050512","stundenwerte_TU_02088_20040601_20050512_hist.zip","15-May-2025","09:45:06","52440"
"02110","20030101","20241201","stundenwerte_TU_02110_20030101_20241201_hist.zip","15-May-2025","09:45:20","1049703"
"02115","19520501","20241231","stundenwerte_TU_02115_19520501_20241231_hist.zip","15-May-2025","09:45:22","3166958"
"02166","19820101","19910502","stundenwerte_TU_02166_19820101_19910502_hist.zip","15-May-2025","09:45:06","343679"
"02167","20050301","20120402","stundenwerte_TU_02167_20050301_20120402_hist.zip","15-May-2025","09:45:06","343411"
"02171","19510101","20241231","stundenwerte_TU_02171_19510101_20241231_hist.zip","15-May-2025","09:45:16","3476383"
"02174","20101101","20241231","stundenwerte_TU_02174_20101101_20241231_hist.zip","15-May-2025","09:45:19","679957"
"02201","20050801","20241231","stundenwerte_TU_02201_20050801_20241231_hist.zip","15-May-2025","09:45:17","884980"
"02211","20041001","20241231","stundenwerte_TU_02211_20041001_20241231_hist.zip","15-May-2025","09:45:21","958605"
"02252","20050701","20241231","stundenwerte_TU_02252_20050701_20241231_hist.zip","15-May-2025","09:45:22","936300"
"02261","19480101","20241231","stundenwerte_TU_02261_19480101_20241231_hist.zip","15-May-2025","09:45:10","3560102"
"02290","19470101","20241231","stundenwerte_TU_02290_19470101_20241231_hist.zip","15-May-2025","09:45:10","3644637"
"02303","20020101","20241231","stundenwerte_TU_02303_20020101_20241231_hist.zip","15-May-2025","09:45:22","1128274"
"02306","20050801","20241231","stundenwerte_TU_02306_20050801_20241231_hist.zip","15-May-2025","09:45:22","904569"
"02315","20021101","20241231","stundenwerte_TU_02315_20021101_20241231_hist.zip","15-May-2025","09:45:14","1084731"
"02319","20050601","20241231","stundenwerte_TU_02319_20050601_20241231_hist.zip","15-May-2025","09:45:10","938930"
"02323","20060701","20241231","stundenwerte_TU_02323_20060701_20241231_hist.zip","15-May-2025","09:45:19","888164"
"02338","20020101","20051223","stundenwerte_TU_02338_20020101_20051223_hist.zip","15-May-2025","09:45:05","150789"
"02362","20040801","20241231","stundenwerte_TU_02362_20040801_20241231_hist.zip","15-May-2025","09:45:21","966665"
"02374","19490101","19740701","stundenwerte_TU_02374_19490101_19740701_hist.zip","15-May-2025","09:45:06","1151845"
"02385","20020101","20241231","stundenwerte_TU_02385_20020101_20241231_hist.zip","15-May-2025","09:45:21","1127731"
"02410","19610102","20241231","stundenwerte_TU_02410_19610102_20241231_hist.zip","15-May-2025","09:45:10","2813473"
"02429","20020101","20241231","stundenwerte_TU_02429_20020101_20241231_hist.zip","15-May-2025","09:45:22","1071005"
"02437","20020101","20241231","stundenwerte_TU_02437_20020101_20241231_hist.zip","15-May-2025","09:45:22","1097941"
"02444","19910801","20241231","stundenwerte_TU_02444_19910801_20241231_hist.zip","15-May-2025","09:45:22","1255963"
"02456","20011017","20050826","stundenwerte_TU_02456_20011017_20050826_hist.zip","15-May-2025","09:45:05","191491"
"02480","20040901","20241231","stundenwerte_TU_02480_20040901_20241231_hist.zip","15-May-2025","09:45:10","977515"
"02483","19510101","20241231","stundenwerte_TU_02483_19510101_20241231_hist.zip","15-May-2025","09:45:20","3095168"
"02485","20110502","20241231","stundenwerte_TU_02485_20110502_20241231_hist.zip","15-May-2025","09:45:07","657852"
"02486","20050301","20241231","stundenwerte_TU_02486_20050301_20241231_hist.zip","15-May-2025","09:45:21","952639"
"02488","19820101","20021001","stundenwerte_TU_02488_19820101_20021001_hist.zip","15-May-2025","09:45:05","974768"
"02494","20020101","20131020","stundenwerte_TU_02494_20020101_20131020_hist.zip","15-May-2025","09:45:05","568486"
"02497","20040801","20241231","stundenwerte_TU_02497_20040801_20241231_hist.zip","15-May-2025","09:45:20","964031"
"02503","19510101","20030505","stundenwerte_TU_02503_19510101_20030505_hist.zip","15-May-2025","09:45:05","2191928"
"02521","19820101","19940401","stundenwerte_TU_02521_19820101_19940401_hist.zip","15-May-2025","09:45:05","574846"
"02522","19480101","20081031","stundenwerte_TU_02522_19480101_20081031_hist.zip","15-May-2025","09:45:06","2887799"
"02532","19480101","20131031","stundenwerte_TU_02532_19480101_20131031_hist.zip","15-May-2025","09:45:06","3097212"
"02542","19750601","20160402","stundenwerte_TU_02542_19750601_20160402_hist.zip","15-May-2025","09:45:06","709738"
"02559","19550101","20241231","stundenwerte_TU_02559_19550101_20241231_hist.zip","15-May-2025","09:45:10","3332116"
"02564","20020101","20241231","stundenwerte_TU_02564_20020101_20241231_hist.zip","15-May-2025","09:45:22","1073235"
"02565","19490101","19881015","stundenwerte_TU_02565_19490101_19881015_hist.zip","15-May-2025","09:45:06","1814629"
"02575","20070523","20241231","stundenwerte_TU_02575_20070523_20241231_hist.zip","15-May-2025","09:45:07","844068"
"02578","20040701","20241231","stundenwerte_TU_02578_20040701_20241231_hist.zip","15-May-2025","09:45:17","960928"
"02597","19480101","20241231","stundenwerte_TU_02597_19480101_20241231_hist.zip","15-May-2025","09:45:11","3621146"
"02600","20050301","20241231","stundenwerte_TU_02600_20050301_20241231_hist.zip","15-May-2025","09:45:11","958722"
"02601","19480101","20241231","stundenwerte_TU_02601_19480101_20241231_hist.zip","15-May-2025","09:45:17","3405033"
"02618","20041001","20241231","stundenwerte_TU_02618_20041001_20241231_hist.zip","15-May-2025","09:45:22","911034"
"02627","20040701","20241231","stundenwerte_TU_02627_20040701_20241231_hist.zip","15-May-2025","09:45:14","987658"
"02629","20040701","20241231","stundenwerte_TU_02629_20040701_20241231_hist.zip","15-May-2025","09:45:20","968326"
"02638","19650701","20241231","stundenwerte_TU_02638_19650701_20241231_hist.zip","15-May-2025","09:45:07","2783125"
"02641","20040901","20241231","stundenwerte_TU_02641_20040901_20241231_hist.zip","15-May-2025","09:45:22","981669"
"02656","19550101","19900101","stundenwerte_TU_02656_19550101_19900101_hist.zip","15-May-2025","09:45:05","1655567"
"02667","19600101","20241231","stundenwerte_TU_02667_19600101_20241231_hist.zip","15-May-2025","09:45:20","3105006"
"02680","20050601","20241231","stundenwerte_TU_02680_20050601_20241231_hist.zip","15-May-2025","09:45:11","938800"
"02691","19940401","19941101","stundenwerte_TU_02691_19940401_19941101_hist.zip","15-May-2025","09:45:05","18271"
"02700","20041201","20241231","stundenwerte_TU_02700_20041201_20241231_hist.zip","15-May-2025","09:45:11","951119"
"02704","20040501","20241231","stundenwerte_TU_02704_20040501_20241231_hist.zip","15-May-2025","09:45:21","975533"
"02708","20060701","20241231","stundenwerte_TU_02708_20060701_20241231_hist.zip","15-May-2025","09:45:11","884142"
"02712","19710101","20241231","stundenwerte_TU_02712_19710101_20241231_hist.zip","15-May-2025","09:45:07","2544873"
"02738","19980101","19980201","stundenwerte_TU_02738_19980101_19980201_hist.zip","15-May-2025","09:45:11","10071"
"02750","20051101","20241231","stundenwerte_TU_02750_20051101_20241231_hist.zip","15-May-2025","09:45:11","910359"
"02761","19750601","19780601","stundenwerte_TU_02761_19750601_19780601_hist.zip","15-May-2025","09:45:05","130591"
"02773","20020101","20241231","stundenwerte_TU_02773_20020101_20241231_hist.zip","15-May-2025","09:45:11","1199851"
"02794","19890101","20241231","stundenwerte_TU_02794_19890101_20241231_hist.zip","15-May-2025","09:45:14","1685723"
"02796","20020101","20241231","stundenwerte_TU_02796_20020101_20241231_hist.zip","15-May-2025","09:45:17","1100645"
"02812","19950101","20241231","stundenwerte_TU_02812_19950101_20241231_hist.zip","15-May-2025","09:45:07","1440517"
"02814","19750601","20241231","stundenwerte_TU_02814_19750601_20241231_hist.zip","15-May-2025","09:45:07","1210660"
"02829","19660101","20180710","stundenwerte_TU_02829_19660101_20180710_hist.zip","15-May-2025","09:45:06","2453823"
"02856","20040701","20241231","stundenwerte_TU_02856_20040701_20241231_hist.zip","15-May-2025","09:45:14","981991"
"02878","20170801","20241231","stundenwerte_TU_02878_20170801_20241231_hist.zip","15-May-2025","09:45:21","360022"
"02886","20020101","20241231","stundenwerte_TU_02886_20020101_20241231_hist.zip","15-May-2025","09:45:07","1115345"
"02905","20020101","20241231","stundenwerte_TU_02905_20020101_20241231_hist.zip","15-May-2025","09:45:11","1110900"
"02907","19910101","20241231","stundenwerte_TU_02907_19910101_20241231_hist.zip","15-May-2025","09:45:22","1575916"
"02920","19820101","19841101","stundenwerte_TU_02920_19820101_19841101_hist.zip","15-May-2025","09:45:05","137955"
"02925","19560101","20241231","stundenwerte_TU_02925_19560101_20241231_hist.zip","15-May-2025","09:45:22","2987350"
"02928","19510101","20241231","stundenwerte_TU_02928_19510101_20241231_hist.zip","15-May-2025","09:45:22","2348668"
"02932","19720501","20241231","stundenwerte_TU_02932_19720501_20241231_hist.zip","15-May-2025","09:45:22","2491206"
"02947","20061001","20241231","stundenwerte_TU_02947_20061001_20241231_hist.zip","15-May-2025","09:45:20","872591"
"02951","20040601","20241231","stundenwerte_TU_02951_20040601_20241231_hist.zip","15-May-2025","09:45:14","980456"
"02953","20070401","20241231","stundenwerte_TU_02953_20070401_20241231_hist.zip","15-May-2025","09:45:07","852841"
"02961","20020101","20241231","stundenwerte_TU_02961_20020101_20241231_hist.zip","15-May-2025","09:45:22","1079451"
"02968","20081201","20240831","stundenwerte_TU_02968_20081201_20240831_hist.zip","15-May-2025","09:45:20","756690"
"02985","19910305","20241231","stundenwerte_TU_02985_19910305_20241231_hist.zip","15-May-2025","09:45:22","1598236"
"03015","19510101","20241231","stundenwerte_TU_03015_19510101_20241231_hist.zip","15-May-2025","09:45:14","3499011"
"03023","19510101","20161231","stundenwerte_TU_03023_19510101_20161231_hist.zip","15-May-2025","09:45:06","3081244"
"03028","19710401","20241231","stundenwerte_TU_03028_19710401_20241231_hist.zip","15-May-2025","09:45:20","2539771"
"03031","20040701","20241231","stundenwerte_TU_03031_20040701_20241231_hist.zip","15-May-2025","09:45:20","985722"
"03032","19490101","20241231","stundenwerte_TU_03032_19490101_20241231_hist.zip","15-May-2025","09:45:22","3399538"
"03034","20070101","20241231","stundenwerte_TU_03034_20070101_20241231_hist.zip","15-May-2025","09:45:22","851619"
"03042","20080601","20241231","stundenwerte_TU_03042_20080601_20241231_hist.zip","15-May-2025","09:45:17","791109"
"03044","20070701","20180601","stundenwerte_TU_03044_20070701_20180601_hist.zip","15-May-2025","09:45:06","516478"
"03083","20050101","20241231","stundenwerte_TU_03083_20050101_20241231_hist.zip","15-May-2025","09:45:14","962231"
"03085","19510101","19850301","stundenwerte_TU_03085_19510101_19850301_hist.zip","15-May-2025","09:45:06","1569090"
"03086","19850301","20241231","stundenwerte_TU_03086_19850301_20241231_hist.zip","15-May-2025","09:45:22","1872967"
"03093","19541201","20241231","stundenwerte_TU_03093_19541201_20241231_hist.zip","15-May-2025","09:45:19","3279633"
"03098","19940101","20241231","stundenwerte_TU_03098_19940101_20241231_hist.zip","15-May-2025","09:45:20","1459122"
"03126","19550101","20241231","stundenwerte_TU_03126_19550101_20241231_hist.zip","15-May-2025","09:45:21","3281561"
"03137","20080501","20241231","stundenwerte_TU_03137_20080501_20241231_hist.zip","15-May-2025","09:45:21","755511"
"03139","19831101","20050101","stundenwerte_TU_03139_19831101_20050101_hist.zip","15-May-2025","09:45:05","1001145"
"03147","19850101","20241231","stundenwerte_TU_03147_19850101_20241231_hist.zip","15-May-2025","09:45:11","1165038"
"03155","20040801","20241231","stundenwerte_TU_03155_20040801_20241231_hist.zip","15-May-2025","09:45:21","959583"
"03158","19890101","20241231","stundenwerte_TU_03158_19890101_20241231_hist.zip","15-May-2025","09:45:14","1685077"
"03164","20060701","20241231","stundenwerte_TU_03164_20060701_20241231_hist.zip","15-May-2025","09:45:17","887416"
"03166","19820101","20241231","stundenwerte_TU_03166_19820101_20241231_hist.zip","15-May-2025","09:45:22","1936316"
"03167","19621201","20241231","stundenwerte_TU_03167_19621201_20241231_hist.zip","15-May-2025","09:45:21","2832983"
"03170","20020101","20121221","stundenwerte_TU_03170_20020101_20121221_hist.zip","15-May-2025","09:45:06","636073"
"03181","20210801","20241231","stundenwerte_TU_03181_20210801_20241231_hist.zip","15-May-2025","09:45:11","170931"
"03196","19810101","20241231","stundenwerte_TU_03196_19810101_20241231_hist.zip","15-May-2025","09:45:17","1966700"
"03204","20080701","20241231","stundenwerte_TU_03204_20080701_20241231_hist.zip","15-May-2025","09:45:22","796615"
"03226","20060801","20241231","stundenwerte_TU_03226_20060801_20241231_hist.zip","15-May-2025","09:45:21","888497"
"03231","19790101","20241231","stundenwerte_TU_03231_19790101_20241231_hist.zip","15-May-2025","09:45:22","2172968"
"03234","20050201","20241231","stundenwerte_TU_03234_20050201_20241231_hist.zip","15-May-2025","09:45:22","961989"
"03244","19750601","20241231","stundenwerte_TU_03244_19750601_20241231_hist.zip","15-May-2025","09:45:11","877814"
"03245","20020102","20021120","stundenwerte_TU_03245_20020102_20021120_hist.zip","15-May-2025","09:45:05","29777"
"03246","20020101","20070613","stundenwerte_TU_03246_20020101_20070613_hist.zip","15-May-2025","09:45:05","256655"
"03254","20020102","20241231","stundenwerte_TU_03254_20020102_20241231_hist.zip","15-May-2025","09:45:19","836419"
"03257","20040601","20241231","stundenwerte_TU_03257_20040601_20241231_hist.zip","15-May-2025","09:45:07","882808"
"03268","20021101","20241231","stundenwerte_TU_03268_20021101_20241231_hist.zip","15-May-2025","09:45:07","1046000"
"03271","20041101","20241231","stundenwerte_TU_03271_20041101_20241231_hist.zip","15-May-2025","09:45:11","945444"
"03274","19921001","19941001","stundenwerte_TU_03274_19921001_19941001_hist.zip","15-May-2025","09:45:06","96068"
"03278","20090401","20241231","stundenwerte_TU_03278_20090401_20241231_hist.zip","15-May-2025","09:45:07","768768"
"03284","20050501","20241231","stundenwerte_TU_03284_20050501_20241231_hist.zip","15-May-2025","09:45:17","944470"
"03287","19871001","20241231","stundenwerte_TU_03287_19871001_20241231_hist.zip","15-May-2025","09:45:17","1744487"
"03289","20041101","20241231","stundenwerte_TU_03289_20041101_20241231_hist.zip","15-May-2025","09:45:22","965424"
"03307","20080401","20241231","stundenwerte_TU_03307_20080401_20241231_hist.zip","15-May-2025","09:45:11","719912"
"03319","20060901","20241231","stundenwerte_TU_03319_20060901_20241231_hist.zip","15-May-2025","09:45:11","878813"
"03321","20230501","20241231","stundenwerte_TU_03321_20230501_20241231_hist.zip","15-May-2025","09:45:20","86615"
"03340","20050501","20220329","stundenwerte_TU_03340_20050501_20220329_hist.zip","15-May-2025","09:45:06","805197"
"03348","20040601","20241231","stundenwerte_TU_03348_20040601_20241231_hist.zip","15-May-2025","09:45:19","924683"
"03362","20020101","20241231","stundenwerte_TU_03362_20020101_20241231_hist.zip","15-May-2025","09:45:07","1123341"
"03366","19550101","20241231","stundenwerte_TU_03366_19550101_20241231_hist.zip","15-May-2025","09:45:11","3286482"
"03376","19910101","20241231","stundenwerte_TU_03376_19910101_20241231_hist.zip","15-May-2025","09:45:14","1037553"
"03379","19970701","20241231","stundenwerte_TU_03379_19970701_20241231_hist.zip","15-May-2025","09:45:11","1316651"
"03382","19480101","19540101","stundenwerte_TU_03382_19480101_19540101_hist.zip","15-May-2025","09:45:05","287385"
"03385","19820101","19990331","stundenwerte_TU_03385_19820101_19990331_hist.zip","15-May-2025","09:45:05","811905"
"03390","19490101","19920517","stundenwerte_TU_03390_19490101_19920517_hist.zip","15-May-2025","09:45:05","2037355"
"03402","20021101","20241231","stundenwerte_TU_03402_20021101_20241231_hist.zip","15-May-2025","09:45:08","1071848"
"03404","19480101","19891001","stundenwerte_TU_03404_19480101_19891001_hist.zip","15-May-2025","09:45:05","1941598"
"03426","20040601","20241231","stundenwerte_TU_03426_20040601_20241231_hist.zip","15-May-2025","09:45:22","988982"
"03442","20041001","20241231","stundenwerte_TU_03442_20041001_20241231_hist.zip","15-May-2025","09:45:17","972026"
"03478","19760701","20050818","stundenwerte_TU_03478_19760701_20050818_hist.zip","15-May-2025","09:45:05","1355805"
"03484","20020101","20241231","stundenwerte_TU_03484_20020101_20241231_hist.zip","15-May-2025","09:45:11","1128694"
"03485","20050501","20241231","stundenwerte_TU_03485_20050501_20241231_hist.zip","15-May-2025","09:45:11","936101"
"03490","20040901","20241231","stundenwerte_TU_03490_20040901_20241231_hist.zip","15-May-2025","09:45:21","947204"
"03509","20041001","20241231","stundenwerte_TU_03509_20041001_20241231_hist.zip","15-May-2025","09:45:14","961328"
"03513","19890501","20241231","stundenwerte_TU_03513_19890501_20241231_hist.zip","15-May-2025","09:45:22","1615466"
"03527","20040501","20241231","stundenwerte_TU_03527_20040501_20241231_hist.zip","15-May-2025","09:45:17","968352"
"03540","20041101","20241231","stundenwerte_TU_03540_20041101_20241231_hist.zip","15-May-2025","09:45:20","961576"
"03545","20050301","20241231","stundenwerte_TU_03545_20050301_20241231_hist.zip","15-May-2025","09:45:21","944541"
"03552","19730101","20190408","stundenwerte_TU_03552_19730101_20190408_hist.zip","15-May-2025","09:45:06","2084625"
"03571","20080301","20241231","stundenwerte_TU_03571_20080301_20241231_hist.zip","15-May-2025","09:45:11","801869"
"03575","19540101","19830101","stundenwerte_TU_03575_19540101_19830101_hist.zip","15-May-2025","09:45:06","1382593"
"03577","19510101","19760701","stundenwerte_TU_03577_19510101_19760701_hist.zip","15-May-2025","09:45:06","1166727"
"03591","20040601","20241231","stundenwerte_TU_03591_20040601_20241231_hist.zip","15-May-2025","09:45:20","982532"
"03603","20020101","20241231","stundenwerte_TU_03603_20020101_20241231_hist.zip","15-May-2025","09:45:08","1124513"
"03605","19750601","19780601","stundenwerte_TU_03605_19750601_19780601_hist.zip","15-May-2025","09:45:06","140991"
"03612","20070401","20241231","stundenwerte_TU_03612_20070401_20241231_hist.zip","15-May-2025","09:45:19","842539"
"03621","20060101","20241231","stundenwerte_TU_03621_20060101_20241231_hist.zip","15-May-2025","09:45:11","912858"
"03623","20020101","20241231","stundenwerte_TU_03623_20020101_20241231_hist.zip","15-May-2025","09:45:20","1123205"
"03631","19490101","20241231","stundenwerte_TU_03631_19490101_20241231_hist.zip","15-May-2025","09:45:19","3385125"
"03639","20020101","20241231","stundenwerte_TU_03639_20020101_20241231_hist.zip","15-May-2025","09:45:19","1096637"
"03659","19510101","19950327","stundenwerte_TU_03659_19510101_19950327_hist.zip","15-May-2025","09:45:06","2005972"
"03660","19950302","20241231","stundenwerte_TU_03660_19950302_20241231_hist.zip","15-May-2025","09:45:21","1404979"
"03667","20050301","20241231","stundenwerte_TU_03667_20050301_20241231_hist.zip","15-May-2025","09:45:11","945461"
"03668","19510101","20241231","stundenwerte_TU_03668_19510101_20241231_hist.zip","15-May-2025","09:45:11","3328999"
"03671","19790101","19810401","stundenwerte_TU_03671_19790101_19810401_hist.zip","15-May-2025","09:45:06","111140"
"03679","20061101","20241231","stundenwerte_TU_03679_20061101_20241231_hist.zip","15-May-2025","09:45:11","865261"
"03730","19480101","20241231","stundenwerte_TU_03730_19480101_20241231_hist.zip","15-May-2025","09:45:12","3618731"
"03734","20040701","20241231","stundenwerte_TU_03734_20040701_20241231_hist.zip","15-May-2025","09:45:08","990584"
"03739","20050301","20241231","stundenwerte_TU_03739_20050301_20241231_hist.zip","15-May-2025","09:45:12","934250"
"03761","19550101","20241231","stundenwerte_TU_03761_19550101_20241231_hist.zip","15-May-2025","09:45:08","3316328"
"03791","19910101","20121001","stundenwerte_TU_03791_19910101_20121001_hist.zip","15-May-2025","09:45:06","1048686"
"03811","19820701","20241231","stundenwerte_TU_03811_19820701_20241231_hist.zip","15-May-2025","09:45:22","2031893"
"03815","19510101","20101130","stundenwerte_TU_03815_19510101_20101130_hist.zip","15-May-2025","09:45:05","2802698"
"03821","19840801","20241231","stundenwerte_TU_03821_19840801_20241231_hist.zip","15-May-2025","09:45:21","1852047"
"03836","20060301","20241231","stundenwerte_TU_03836_20060301_20241231_hist.zip","15-May-2025","09:45:12","901512"
"03857","20050101","20241231","stundenwerte_TU_03857_20050101_20241231_hist.zip","15-May-2025","09:45:12","966357"
"03875","20050101","20241231","stundenwerte_TU_03875_20050101_20241231_hist.zip","15-May-2025","09:45:12","942326"
"03879","19480101","19970101","stundenwerte_TU_03879_19480101_19970101_hist.zip","15-May-2025","09:45:05","2274761"
"03897","20020101","20241231","stundenwerte_TU_03897_20020101_20241231_hist.zip","15-May-2025","09:45:22","1140055"
"03904","20040901","20241231","stundenwerte_TU_03904_20040901_20241231_hist.zip","15-May-2025","09:45:21","975259"
"03925","20050901","20241231","stundenwerte_TU_03925_20050901_20241231_hist.zip","15-May-2025","09:45:08","929096"
"03927","20040701","20241231","stundenwerte_TU_03927_20040701_20241231_hist.zip","15-May-2025","09:45:08","965206"
"03939","20041001","20241231","stundenwerte_TU_03939_20041001_20241231_hist.zip","15-May-2025","09:45:21","960659"
"03946","19510101","20241231","stundenwerte_TU_03946_19510101_20241231_hist.zip","15-May-2025","09:45:22","3401181"
"03975","20050301","20241231","stundenwerte_TU_03975_20050301_20241231_hist.zip","15-May-2025","09:45:12","940802"
"03987","18930101","20241231","stundenwerte_TU_03987_18930101_20241231_hist.zip","15-May-2025","09:45:15","6232185"
"04018","19820101","19830901","stundenwerte_TU_04018_19820101_19830901_hist.zip","15-May-2025","09:45:05","83444"
"04024","19820101","20241231","stundenwerte_TU_04024_19820101_20241231_hist.zip","15-May-2025","09:45:17","1883841"
"04032","20061201","20241231","stundenwerte_TU_04032_20061201_20241231_hist.zip","15-May-2025","09:45:21","873896"
"04036","20070301","20241231","stundenwerte_TU_04036_20070301_20241231_hist.zip","15-May-2025","09:45:21","855731"
"04039","19880111","20241231","stundenwerte_TU_04039_19880111_20241231_hist.zip","15-May-2025","09:45:22","1735328"
"04063","20030701","20241231","stundenwerte_TU_04063_20030701_20241231_hist.zip","15-May-2025","09:45:20","1027617"
"04094","20040601","20241231","stundenwerte_TU_04094_20040601_20241231_hist.zip","15-May-2025","09:45:08","981400"
"04104","19480101","20241231","stundenwerte_TU_04104_19480101_20241231_hist.zip","15-May-2025","09:45:12","3600276"
"04127","20050101","20241231","stundenwerte_TU_04127_20050101_20241231_hist.zip","15-May-2025","09:45:20","943672"
"04154","20110201","20180630","stundenwerte_TU_04154_20110201_20180630_hist.zip","15-May-2025","09:45:06","353401"
"04160","20040701","20241231","stundenwerte_TU_04160_20040701_20241231_hist.zip","15-May-2025","09:45:08","985138"
"04169","20021101","20241231","stundenwerte_TU_04169_20021101_20241231_hist.zip","15-May-2025","09:45:08","1078310"
"04174","20020101","20171220","stundenwerte_TU_04174_20020101_20171220_hist.zip","15-May-2025","09:45:05","758452"
"04175","20040601","20241231","stundenwerte_TU_04175_20040601_20241231_hist.zip","15-May-2025","09:45:08","920373"
"04177","20081101","20241231","stundenwerte_TU_04177_20081101_20241231_hist.zip","15-May-2025","09:45:08","780136"
"04189","20040801","20241231","stundenwerte_TU_04189_20040801_20241231_hist.zip","15-May-2025","09:45:08","968534"
"04261","20060301","20240412","stundenwerte_TU_04261_20060301_20240412_hist.zip","15-May-2025","09:45:12","868970"
"04271","19470101","20241231","stundenwerte_TU_04271_19470101_20241231_hist.zip","15-May-2025","09:45:17","3555109"
"04275","20041201","20241231","stundenwerte_TU_04275_20041201_20241231_hist.zip","15-May-2025","09:45:19","950993"
"04280","20020101","20241231","stundenwerte_TU_04280_20020101_20241231_hist.zip","15-May-2025","09:45:12","1113014"
"04287","20050101","20241231","stundenwerte_TU_04287_20050101_20241231_hist.zip","15-May-2025","09:45:12","959054"
"04294","19820101","19970101","stundenwerte_TU_04294_19820101_19970101_hist.zip","15-May-2025","09:45:05","678618"
"04300","20040701","20241231","stundenwerte_TU_04300_20040701_20241231_hist.zip","15-May-2025","09:45:08","982212"
"04301","20050301","20241231","stundenwerte_TU_04301_20050301_20241231_hist.zip","15-May-2025","09:45:21","949931"
"04323","20050301","20241231","stundenwerte_TU_04323_20050301_20241231_hist.zip","15-May-2025","09:45:21","936439"
"04336","19620501","20241231","stundenwerte_TU_04336_19620501_20241231_hist.zip","15-May-2025","09:45:21","2954923"
"04339","19560101","19710101","stundenwerte_TU_04339_19560101_19710101_hist.zip","15-May-2025","09:45:05","632881"
"04349","20040601","20241231","stundenwerte_TU_04349_20040601_20241231_hist.zip","15-May-2025","09:45:08","991713"
"04354","20060101","20241231","stundenwerte_TU_04354_20060101_20241231_hist.zip","15-May-2025","09:45:12","900475"
"04371","19500101","20241231","stundenwerte_TU_04371_19500101_20241231_hist.zip","15-May-2025","09:45:20","3515472"
"04373","19520101","19720101","stundenwerte_TU_04373_19520101_19720101_hist.zip","15-May-2025","09:45:05","928532"
"04377","20050901","20241231","stundenwerte_TU_04377_20050901_20241231_hist.zip","15-May-2025","09:45:12","915138"
"04393","19991201","20241231","stundenwerte_TU_04393_19991201_20241231_hist.zip","15-May-2025","09:45:22","1146558"
"04411","20020124","20241231","stundenwerte_TU_04411_20020124_20241231_hist.zip","15-May-2025","09:45:17","1029723"
"04445","19891001","20241231","stundenwerte_TU_04445_19891001_20241231_hist.zip","15-May-2025","09:45:21","1050138"
"04464","19890801","20241231","stundenwerte_TU_04464_19890801_20241231_hist.zip","15-May-2025","09:45:22","1679593"
"04466","19510101","20241231","stundenwerte_TU_04466_19510101_20241231_hist.zip","15-May-2025","09:45:22","3379399"
"04477","20050531","20100501","stundenwerte_TU_04477_20050531_20100501_hist.zip","15-May-2025","09:45:06","58429"
"04480","20040901","20241231","stundenwerte_TU_04480_20040901_20241231_hist.zip","15-May-2025","09:45:17","970620"
"04485","20050201","20170301","stundenwerte_TU_04485_20050201_20170301_hist.zip","15-May-2025","09:45:06","579155"
"04501","19780701","20241231","stundenwerte_TU_04501_19780701_20241231_hist.zip","15-May-2025","09:45:22","2051180"
"04508","20040801","20241231","stundenwerte_TU_04508_20040801_20241231_hist.zip","15-May-2025","09:45:21","929843"
"04548","20070701","20241231","stundenwerte_TU_04548_20070701_20241231_hist.zip","15-May-2025","09:45:12","815486"
"04559","20050501","20241231","stundenwerte_TU_04559_20050501_20241231_hist.zip","15-May-2025","09:45:12","934549"
"04560","20050201","20220102","stundenwerte_TU_04560_20050201_20220102_hist.zip","15-May-2025","09:45:06","800807"
"04584","19680401","19700401","stundenwerte_TU_04584_19680401_19700401_hist.zip","15-May-2025","09:45:05","97466"
"04592","20051201","20241231","stundenwerte_TU_04592_20051201_20241231_hist.zip","15-May-2025","09:45:12","912939"
"04605","20041101","20241231","stundenwerte_TU_04605_20041101_20241231_hist.zip","15-May-2025","09:45:22","962595"
"04625","19500101","20241231","stundenwerte_TU_04625_19500101_20241231_hist.zip","15-May-2025","09:45:18","3491462"
"04629","19930401","19991201","stundenwerte_TU_04629_19930401_19991201_hist.zip","15-May-2025","09:45:06","313187"
"04642","19761001","20241231","stundenwerte_TU_04642_19761001_20241231_hist.zip","15-May-2025","09:45:21","2281328"
"04651","20041101","20241231","stundenwerte_TU_04651_20041101_20241231_hist.zip","15-May-2025","09:45:19","964986"
"04665","19690101","19750514","stundenwerte_TU_04665_19690101_19750514_hist.zip","15-May-2025","09:45:06","292262"
"04692","20080301","20181130","stundenwerte_TU_04692_20080301_20181130_hist.zip","15-May-2025","09:45:06","517354"
"04702","20021103","20071115","stundenwerte_TU_04702_20021103_20071115_hist.zip","15-May-2025","09:45:05","199998"
"04703","20021101","20241231","stundenwerte_TU_04703_20021101_20241231_hist.zip","15-May-2025","09:45:08","1068778"
"04704","20050501","20241231","stundenwerte_TU_04704_20050501_20241231_hist.zip","15-May-2025","09:45:12","930754"
"04706","20050301","20241231","stundenwerte_TU_04706_20050301_20241231_hist.zip","15-May-2025","09:45:12","943310"
"04709","20111101","20241231","stundenwerte_TU_04709_20111101_20241231_hist.zip","15-May-2025","09:45:21","626567"
"04719","20020101","20070828","stundenwerte_TU_04719_20020101_20070828_hist.zip","15-May-2025","09:45:05","292188"
"04745","19660101","20241231","stundenwerte_TU_04745_19660101_20241231_hist.zip","15-May-2025","09:45:19","2752424"
"04748","20041101","20241231","stundenwerte_TU_04748_20041101_20241231_hist.zip","15-May-2025","09:45:22","372351"
"04752","19510101","20080701","stundenwerte_TU_04752_19510101_20080701_hist.zip","15-May-2025","09:45:05","2314600"
"04763","20041001","20241231","stundenwerte_TU_04763_20041001_20241231_hist.zip","15-May-2025","09:45:17","964466"
"04813","20200801","20241231","stundenwerte_TU_04813_20200801_20241231_hist.zip","15-May-2025","09:45:12","218174"
"04841","20040701","20241231","stundenwerte_TU_04841_20040701_20241231_hist.zip","15-May-2025","09:45:19","958412"
"04857","20040901","20241231","stundenwerte_TU_04857_20040901_20241231_hist.zip","15-May-2025","09:45:19","920101"
"04878","20050201","20241231","stundenwerte_TU_04878_20050201_20241231_hist.zip","15-May-2025","09:45:21","777341"
"04887","19480101","20241231","stundenwerte_TU_04887_19480101_20241231_hist.zip","15-May-2025","09:45:08","3580142"
"04896","20050701","20221130","stundenwerte_TU_04896_20050701_20221130_hist.zip","15-May-2025","09:45:06","804645"
"04911","19940501","20241231","stundenwerte_TU_04911_19940501_20241231_hist.zip","15-May-2025","09:45:12","1457318"
"04926","19790401","20130514","stundenwerte_TU_04926_19790401_20130514_hist.zip","15-May-2025","09:45:05","627161"
"04927","19760101","19840801","stundenwerte_TU_04927_19760101_19840801_hist.zip","15-May-2025","09:45:05","414309"
"04928","19770701","20241231","stundenwerte_TU_04928_19770701_20241231_hist.zip","15-May-2025","09:45:08","2283790"
"04931","19880101","20241231","stundenwerte_TU_04931_19880101_20241231_hist.zip","15-May-2025","09:45:08","1774201"
"04933","19510101","19760101","stundenwerte_TU_04933_19510101_19760101_hist.zip","15-May-2025","09:45:05","1187601"
"04978","20021101","20241231","stundenwerte_TU_04978_20021101_20241231_hist.zip","15-May-2025","09:45:17","1080113"
"04997","20050301","20241231","stundenwerte_TU_04997_20050301_20241231_hist.zip","15-May-2025","09:45:22","953296"
"05009","19730101","20241231","stundenwerte_TU_05009_19730101_20241231_hist.zip","15-May-2025","09:45:18","2439741"
"05014","20040701","20241231","stundenwerte_TU_05014_20040701_20241231_hist.zip","15-May-2025","09:45:19","970614"
"05017","20051101","20241231","stundenwerte_TU_05017_20051101_20241231_hist.zip","15-May-2025","09:45:12","891001"
"05029","19750515","20241231","stundenwerte_TU_05029_19750515_20241231_hist.zip","15-May-2025","09:45:21","2320333"
"05046","20080301","20241231","stundenwerte_TU_05046_20080301_20241231_hist.zip","15-May-2025","09:45:12","802441"
"05049","19981106","20080501","stundenwerte_TU_05049_19981106_20080501_hist.zip","15-May-2025","09:45:06","349557"
"05064","20041201","20241231","stundenwerte_TU_05064_20041201_20241231_hist.zip","15-May-2025","09:45:20","957916"
"05068","19530101","19710101","stundenwerte_TU_05068_19530101_19710101_hist.zip","15-May-2025","09:45:05","847487"
"05097","20050101","20241231","stundenwerte_TU_05097_20050101_20241231_hist.zip","15-May-2025","09:45:18","939109"
"05099","20080601","20241231","stundenwerte_TU_05099_20080601_20241231_hist.zip","15-May-2025","09:45:21","799605"
"05100","19410101","20241231","stundenwerte_TU_05100_19410101_20241231_hist.zip","15-May-2025","09:45:21","3458850"
"05109","20020101","20241231","stundenwerte_TU_05109_20020101_20241231_hist.zip","15-May-2025","09:45:18","1095206"
"05111","20060401","20241231","stundenwerte_TU_05111_20060401_20241231_hist.zip","15-May-2025","09:45:12","896919"
"05133","20040901","20241231","stundenwerte_TU_05133_20040901_20241231_hist.zip","15-May-2025","09:45:17","967023"
"05142","19510101","20241231","stundenwerte_TU_05142_19510101_20241231_hist.zip","15-May-2025","09:45:18","2844952"
"05146","20040601","20241231","stundenwerte_TU_05146_20040601_20241231_hist.zip","15-May-2025","09:45:19","975980"
"05149","20050101","20241231","stundenwerte_TU_05149_20050101_20241231_hist.zip","15-May-2025","09:45:12","887318"
"05155","19480101","20140901","stundenwerte_TU_05155_19480101_20140901_hist.zip","15-May-2025","09:45:05","3118708"
"05158","19890101","20241231","stundenwerte_TU_05158_19890101_20241231_hist.zip","15-May-2025","09:45:21","1676694"
"05229","20040801","20241231","stundenwerte_TU_05229_20040801_20241231_hist.zip","15-May-2025","09:45:08","978282"
"05275","20040601","20241231","stundenwerte_TU_05275_20040601_20241231_hist.zip","15-May-2025","09:45:08","992991"
"05277","20020101","20090630","stundenwerte_TU_05277_20020101_20090630_hist.zip","15-May-2025","09:45:05","364199"
"05279","20040901","20241231","stundenwerte_TU_05279_20040901_20241231_hist.zip","15-May-2025","09:45:17","938815"
"05280","20070301","20241231","stundenwerte_TU_05280_20070301_20241231_hist.zip","15-May-2025","09:45:22","841023"
"05282","19410101","19710101","stundenwerte_TU_05282_19410101_19710101_hist.zip","15-May-2025","09:45:05","1411482"
"05300","20040701","20241231","stundenwerte_TU_05300_20040701_20241231_hist.zip","15-May-2025","09:45:17","977524"
"05335","20060801","20241231","stundenwerte_TU_05335_20060801_20241231_hist.zip","15-May-2025","09:45:22","881126"
"05347","20010402","20241231","stundenwerte_TU_05347_20010402_20241231_hist.zip","15-May-2025","09:45:20","1154911"
"05349","19810101","20241231","stundenwerte_TU_05349_19810101_20241231_hist.zip","15-May-2025","09:45:18","1851789"
"05371","19480101","20241231","stundenwerte_TU_05371_19480101_20241231_hist.zip","15-May-2025","09:45:17","3428601"
"05397","19510101","20241231","stundenwerte_TU_05397_19510101_20241231_hist.zip","15-May-2025","09:45:12","3474349"
"05404","19750101","20241231","stundenwerte_TU_05404_19750101_20241231_hist.zip","15-May-2025","09:45:12","1363565"
"05419","19510101","20070630","stundenwerte_TU_05419_19510101_20070630_hist.zip","15-May-2025","09:45:05","2260446"
"05424","20070601","20241231","stundenwerte_TU_05424_20070601_20241231_hist.zip","15-May-2025","09:45:22","840941"
"05426","19540101","20241231","stundenwerte_TU_05426_19540101_20241231_hist.zip","15-May-2025","09:45:21","2979429"
"05431","19730101","19761001","stundenwerte_TU_05431_19730101_19761001_hist.zip","15-May-2025","09:45:05","177478"
"05433","20040901","20241231","stundenwerte_TU_05433_20040901_20241231_hist.zip","15-May-2025","09:45:21","957336"
"05440","19550101","20241231","stundenwerte_TU_05440_19550101_20241231_hist.zip","15-May-2025","09:45:13","3317679"
"05467","19560701","20120921","stundenwerte_TU_05467_19560701_20120921_hist.zip","15-May-2025","09:45:05","2567453"
"05480","20030910","20241231","stundenwerte_TU_05480_20030910_20241231_hist.zip","15-May-2025","09:45:20","1024123"
"05490","19510101","20241231","stundenwerte_TU_05490_19510101_20241231_hist.zip","15-May-2025","09:45:21","3080131"
"05516","19960531","20241231","stundenwerte_TU_05516_19960531_20241231_hist.zip","15-May-2025","09:45:22","1296235"
"05538","20050101","20241231","stundenwerte_TU_05538_20050101_20241231_hist.zip","15-May-2025","09:45:13","960588"
"05541","20040801","20241231","stundenwerte_TU_05541_20040801_20241231_hist.zip","15-May-2025","09:45:17","969379"
"05546","19860701","20241231","stundenwerte_TU_05546_19860701_20241231_hist.zip","15-May-2025","09:45:15","1769284"
"05562","20040601","20241231","stundenwerte_TU_05562_20040601_20241231_hist.zip","15-May-2025","09:45:08","983386"
"05629","19510101","20241231","stundenwerte_TU_05629_19510101_20241231_hist.zip","15-May-2025","09:45:21","3335022"
"05640","20020101","20241231","stundenwerte_TU_05640_20020101_20241231_hist.zip","15-May-2025","09:45:19","1101471"
"05643","20041101","20241231","stundenwerte_TU_05643_20041101_20241231_hist.zip","15-May-2025","09:45:15","959068"
"05663","19820101","19960101","stundenwerte_TU_05663_19820101_19960101_hist.zip","15-May-2025","09:45:05","541072"
"05664","20040701","20241231","stundenwerte_TU_05664_20040701_20241231_hist.zip","15-May-2025","09:45:08","969834"
"05665","19900101","20100501","stundenwerte_TU_05665_19900101_20100501_hist.zip","15-May-2025","09:45:06","560262"
"05676","20100901","20240102","stundenwerte_TU_05676_20100901_20240102_hist.zip","15-May-2025","09:45:19","638337"
"05688","20181101","20241231","stundenwerte_TU_05688_20181101_20241231_hist.zip","15-May-2025","09:45:08","301615"
"05692","20040901","20241231","stundenwerte_TU_05692_20040901_20241231_hist.zip","15-May-2025","09:45:21","976184"
"05705","19480101","20241231","stundenwerte_TU_05705_19480101_20241231_hist.zip","15-May-2025","09:45:13","3663782"
"05715","20020101","20241231","stundenwerte_TU_05715_20020101_20241231_hist.zip","15-May-2025","09:45:19","1141526"
"05717","20060901","20241231","stundenwerte_TU_05717_20060901_20241231_hist.zip","15-May-2025","09:45:20","874153"
"05719","20041001","20091210","stundenwerte_TU_05719_20041001_20091210_hist.zip","15-May-2025","09:45:05","251153"
"05731","20040801","20241231","stundenwerte_TU_05731_20040801_20241231_hist.zip","15-May-2025","09:45:08","966789"
"05732","19510101","19710101","stundenwerte_TU_05732_19510101_19710101_hist.zip","15-May-2025","09:45:06","893964"
"05745","19810101","20241231","stundenwerte_TU_05745_19810101_20241231_hist.zip","15-May-2025","09:45:15","1384259"
"05750","20060301","20241231","stundenwerte_TU_05750_20060301_20241231_hist.zip","15-May-2025","09:45:21","901806"
"05779","19710101","20241231","stundenwerte_TU_05779_19710101_20241231_hist.zip","15-May-2025","09:45:22","2298703"
"05792","19500101","20241231","stundenwerte_TU_05792_19500101_20241231_hist.zip","15-May-2025","09:45:13","3386901"
"05797","20051201","20241231","stundenwerte_TU_05797_20051201_20241231_hist.zip","15-May-2025","09:45:22","918449"
"05800","20020101","20241231","stundenwerte_TU_05800_20020101_20241231_hist.zip","15-May-2025","09:45:13","1102139"
"05802","19480101","20031001","stundenwerte_TU_05802_19480101_20031001_hist.zip","15-May-2025","09:45:05","1256362"
"05822","20040701","20241231","stundenwerte_TU_05822_20040701_20241231_hist.zip","15-May-2025","09:45:19","931849"
"05825","20040501","20241231","stundenwerte_TU_05825_20040501_20241231_hist.zip","15-May-2025","09:45:15","988152"
"05832","19510101","19541201","stundenwerte_TU_05832_19510101_19541201_hist.zip","15-May-2025","09:45:05","179662"
"05839","19970701","20241231","stundenwerte_TU_05839_19970701_20241231_hist.zip","15-May-2025","09:45:19","1285326"
"05856","19970103","20241231","stundenwerte_TU_05856_19970103_20241231_hist.zip","15-May-2025","09:45:13","1318681"
"05871","19970701","20241231","stundenwerte_TU_05871_19970701_20241231_hist.zip","15-May-2025","09:45:21","1296102"
"05906","19480101","20241231","stundenwerte_TU_05906_19480101_20241231_hist.zip","15-May-2025","09:45:08","3673575"
"05930","19910101","20241231","stundenwerte_TU_05930_19910101_20241231_hist.zip","15-May-2025","09:45:22","1690931"
"05941","20070301","20241231","stundenwerte_TU_05941_20070301_20241231_hist.zip","15-May-2025","09:45:13","846788"
"06093","20040501","20241231","stundenwerte_TU_06093_20040501_20241231_hist.zip","15-May-2025","09:45:19","977646"
"06105","20040501","20241231","stundenwerte_TU_06105_20040501_20241231_hist.zip","15-May-2025","09:45:22","962984"
"06109","20040901","20241231","stundenwerte_TU_06109_20040901_20241231_hist.zip","15-May-2025","09:45:18","961549"
"06129","20041101","20241231","stundenwerte_TU_06129_20041101_20241231_hist.zip","15-May-2025","09:45:22","961000"
"06157","20071001","20241231","stundenwerte_TU_06157_20071001_20241231_hist.zip","15-May-2025","09:45:19","797033"
"06158","20041101","20241231","stundenwerte_TU_06158_20041101_20241231_hist.zip","15-May-2025","09:45:13","958475"
"06159","20081201","20241231","stundenwerte_TU_06159_20081201_20241231_hist.zip","15-May-2025","09:45:19","760038"
"06163","20010401","20241231","stundenwerte_TU_06163_20010401_20241231_hist.zip","15-May-2025","09:45:22","1126583"
"06170","20040601","20241231","stundenwerte_TU_06170_20040601_20241231_hist.zip","15-May-2025","09:45:15","992232"
"06182","20000401","20120327","stundenwerte_TU_06182_20000401_20120327_hist.zip","15-May-2025","09:45:06","570916"
"06186","20040801","20190527","stundenwerte_TU_06186_20040801_20190527_hist.zip","15-May-2025","09:45:06","708604"
"06197","20020101","20241231","stundenwerte_TU_06197_20020101_20241231_hist.zip","15-May-2025","09:45:20","1097261"
"06199","20041001","20241231","stundenwerte_TU_06199_20041001_20241231_hist.zip","15-May-2025","09:45:18","950318"
"06217","20041001","20241231","stundenwerte_TU_06217_20041001_20241231_hist.zip","15-May-2025","09:45:21","969861"
"06258","20030101","20241231","stundenwerte_TU_06258_20030101_20241231_hist.zip","15-May-2025","09:45:08","1051743"
"06259","20040601","20241231","stundenwerte_TU_06259_20040601_20241231_hist.zip","15-May-2025","09:45:08","976103"
"06260","20021201","20241231","stundenwerte_TU_06260_20021201_20241231_hist.zip","15-May-2025","09:45:09","1062292"
"06262","20021101","20241231","stundenwerte_TU_06262_20021101_20241231_hist.zip","15-May-2025","09:45:09","1089479"
"06263","20040701","20241231","stundenwerte_TU_06263_20040701_20241231_hist.zip","15-May-2025","09:45:09","981236"
"06264","20040601","20241231","stundenwerte_TU_06264_20040601_20241231_hist.zip","15-May-2025","09:45:20","973290"
"06265","20040501","20241231","stundenwerte_TU_06265_20040501_20241231_hist.zip","15-May-2025","09:45:15","991831"
"06266","20040901","20241231","stundenwerte_TU_06266_20040901_20241231_hist.zip","15-May-2025","09:45:21","972625"
"06272","20041001","20241231","stundenwerte_TU_06272_20041001_20241231_hist.zip","15-May-2025","09:45:22","965597"
"06273","20040601","20241231","stundenwerte_TU_06273_20040601_20241231_hist.zip","15-May-2025","09:45:21","982407"
"06275","20040701","20241231","stundenwerte_TU_06275_20040701_20241231_hist.zip","15-May-2025","09:45:09","991267"
"06305","20041201","20241231","stundenwerte_TU_06305_20041201_20241231_hist.zip","15-May-2025","09:45:22","966185"
"06310","20040801","20241231","stundenwerte_TU_06310_20040801_20241231_hist.zip","15-May-2025","09:45:18","958553"
"06312","20041101","20200930","stundenwerte_TU_06312_20041101_20200930_hist.zip","15-May-2025","09:45:06","758260"
"06314","20050801","20241231","stundenwerte_TU_06314_20050801_20241231_hist.zip","15-May-2025","09:45:22","929331"
"06336","20051101","20241231","stundenwerte_TU_06336_20051101_20241231_hist.zip","15-May-2025","09:45:13","911033"
"06337","20040801","20241231","stundenwerte_TU_06337_20040801_20241231_hist.zip","15-May-2025","09:45:20","975185"
"06344","20041201","20241231","stundenwerte_TU_06344_20041201_20241231_hist.zip","15-May-2025","09:45:17","958422"
"06346","20050201","20241231","stundenwerte_TU_06346_20050201_20241231_hist.zip","15-May-2025","09:45:13","951590"
"06347","20050301","20241231","stundenwerte_TU_06347_20050301_20241231_hist.zip","15-May-2025","09:45:13","948459"
"07075","20050201","20241231","stundenwerte_TU_07075_20050201_20241231_hist.zip","15-May-2025","09:45:13","949767"
"07099","20041101","20211004","stundenwerte_TU_07099_20041101_20211004_hist.zip","15-May-2025","09:45:06","809951"
"07105","20050601","20241231","stundenwerte_TU_07105_20050601_20241231_hist.zip","15-May-2025","09:45:13","933459"
"07106","20060901","20241231","stundenwerte_TU_07106_20060901_20241231_hist.zip","15-May-2025","09:45:20","873741"
"07135","19750601","19960701","stundenwerte_TU_07135_19750601_19960701_hist.zip","15-May-2025","09:45:05","842113"
"07187","20041201","20241231","stundenwerte_TU_07187_20041201_20241231_hist.zip","15-May-2025","09:45:09","962395"
"07244","19810101","20040930","stundenwerte_TU_07244_19810101_20040930_hist.zip","15-May-2025","09:45:05","1004861"
"07298","20050701","20241231","stundenwerte_TU_07298_20050701_20241231_hist.zip","15-May-2025","09:45:22","905894"
"07319","20050301","20241231","stundenwerte_TU_07319_20050301_20241231_hist.zip","15-May-2025","09:45:13","886310"
"07321","20050901","20241231","stundenwerte_TU_07321_20050901_20241231_hist.zip","15-May-2025","09:45:22","931331"
"07325","20110901","20151231","stundenwerte_TU_07325_20110901_20151231_hist.zip","15-May-2025","09:45:13","211513"
"07329","20051101","20241231","stundenwerte_TU_07329_20051101_20241231_hist.zip","15-May-2025","09:45:22","915504"
"07330","20051001","20241231","stundenwerte_TU_07330_20051001_20241231_hist.zip","15-May-2025","09:45:20","922390"
"07331","20050901","20241231","stundenwerte_TU_07331_20050901_20241231_hist.zip","15-May-2025","09:45:09","920629"
"07341","20050716","20241231","stundenwerte_TU_07341_20050716_20241231_hist.zip","15-May-2025","09:45:17","937476"
"07343","20060401","20241231","stundenwerte_TU_07343_20060401_20241231_hist.zip","15-May-2025","09:45:22","880126"
"07350","20060801","20241231","stundenwerte_TU_07350_20060801_20241231_hist.zip","15-May-2025","09:45:13","868429"
"07351","20050908","20241231","stundenwerte_TU_07351_20050908_20241231_hist.zip","15-May-2025","09:45:18","913829"
"07364","20070101","20241231","stundenwerte_TU_07364_20070101_20241231_hist.zip","15-May-2025","09:45:21","868968"
"07367","20071201","20241231","stundenwerte_TU_07367_20071201_20241231_hist.zip","15-May-2025","09:45:19","817113"
"07368","20071101","20241231","stundenwerte_TU_07368_20071101_20241231_hist.zip","15-May-2025","09:45:22","820892"
"07369","20071101","20241231","stundenwerte_TU_07369_20071101_20241231_hist.zip","15-May-2025","09:45:13","820358"
"07370","20061211","20241231","stundenwerte_TU_07370_20061211_20241231_hist.zip","15-May-2025","09:45:13","858084"
"07373","20060301","20241231","stundenwerte_TU_07373_20060301_20241231_hist.zip","15-May-2025","09:45:19","865557"
"07374","20060301","20241231","stundenwerte_TU_07374_20060301_20241231_hist.zip","15-May-2025","09:45:20","898026"
"07389","20061201","20241231","stundenwerte_TU_07389_20061201_20241231_hist.zip","15-May-2025","09:45:15","864087"
"07393","20100101","20241231","stundenwerte_TU_07393_20100101_20241231_hist.zip","15-May-2025","09:45:22","727912"
"07394","20060601","20241231","stundenwerte_TU_07394_20060601_20241231_hist.zip","15-May-2025","09:45:13","879811"
"07395","20071201","20241231","stundenwerte_TU_07395_20071201_20241231_hist.zip","15-May-2025","09:45:13","817435"
"07396","20080501","20241231","stundenwerte_TU_07396_20080501_20241231_hist.zip","15-May-2025","09:45:17","754322"
"07403","20070330","20241231","stundenwerte_TU_07403_20070330_20241231_hist.zip","15-May-2025","09:45:09","846815"
"07410","20110201","20241231","stundenwerte_TU_07410_20110201_20241231_hist.zip","15-May-2025","09:45:17","660585"
"07412","20061001","20241231","stundenwerte_TU_07412_20061001_20241231_hist.zip","15-May-2025","09:45:13","866701"
"07419","20061201","20241231","stundenwerte_TU_07419_20061201_20241231_hist.zip","15-May-2025","09:45:22","864560"
"07420","20070401","20241231","stundenwerte_TU_07420_20070401_20241231_hist.zip","15-May-2025","09:45:21","850093"
"07424","20061201","20241231","stundenwerte_TU_07424_20061201_20241231_hist.zip","15-May-2025","09:45:13","866033"
"07427","20070901","20241231","stundenwerte_TU_07427_20070901_20241231_hist.zip","15-May-2025","09:45:22","811827"
"07428","20070501","20241231","stundenwerte_TU_07428_20070501_20241231_hist.zip","15-May-2025","09:45:22","841580"
"07431","20071101","20241231","stundenwerte_TU_07431_20071101_20241231_hist.zip","15-May-2025","09:45:13","816702"
"07432","20070501","20241231","stundenwerte_TU_07432_20070501_20241231_hist.zip","15-May-2025","09:45:19","842825"
"13667","20061123","20080706","stundenwerte_TU_13667_20061123_20080706_hist.zip","15-May-2025","09:45:06","83889"
"13670","20070601","20241231","stundenwerte_TU_13670_20070601_20241231_hist.zip","15-May-2025","09:45:20","842454"
"13674","20070801","20241231","stundenwerte_TU_13674_20070801_20241231_hist.zip","15-May-2025","09:45:09","834766"
"13675","20071101","20241231","stundenwerte_TU_13675_20071101_20241231_hist.zip","15-May-2025","09:45:19","814025"
"13696","20071201","20241231","stundenwerte_TU_13696_20071201_20241231_hist.zip","15-May-2025","09:45:20","820918"
"13700","20080501","20241231","stundenwerte_TU_13700_20080501_20241231_hist.zip","15-May-2025","09:45:20","797459"
"13710","20080401","20241231","stundenwerte_TU_13710_20080401_20241231_hist.zip","15-May-2025","09:45:13","797707"
"13711","20071201","20241231","stundenwerte_TU_13711_20071201_20241231_hist.zip","15-May-2025","09:45:22","826259"
"13713","20071101","20241231","stundenwerte_TU_13713_20071101_20241231_hist.zip","15-May-2025","09:45:20","806081"
"13776","20080301","20110104","stundenwerte_TU_13776_20080301_20110104_hist.zip","15-May-2025","09:45:05","142162"
"13777","20080601","20241231","stundenwerte_TU_13777_20080601_20241231_hist.zip","15-May-2025","09:45:19","798253"
"13904","20080915","20100426","stundenwerte_TU_13904_20080915_20100426_hist.zip","15-May-2025","09:45:05","77597"
"13965","20081201","20241231","stundenwerte_TU_13965_20081201_20241231_hist.zip","15-May-2025","09:45:09","774271"
"14003","19610103","19920629","stundenwerte_TU_14003_19610103_19920629_hist.zip","15-May-2025","09:45:05","1142352"
"14138","20090915","20151231","stundenwerte_TU_14138_20090915_20151231_hist.zip","15-May-2025","09:45:15","305093"
"15000","20110401","20241231","stundenwerte_TU_15000_20110401_20241231_hist.zip","15-May-2025","09:45:20","657726"
"15207","20131101","20241231","stundenwerte_TU_15207_20131101_20241231_hist.zip","15-May-2025","09:45:17","536870"
"15444","20140901","20241231","stundenwerte_TU_15444_20140901_20241231_hist.zip","15-May-2025","09:45:09","497598"
"15555","20160501","20241231","stundenwerte_TU_15555_20160501_20241231_hist.zip","15-May-2025","09:45:13","420516"
"15813","20220301","20241231","stundenwerte_TU_15813_20220301_20241231_hist.zip","15-May-2025","09:45:19","142612"
"19171","20200901","20241231","stundenwerte_TU_19171_20200901_20241231_hist.zip","15-May-2025","09:45:22","209913"
"19172","20200901","20241231","stundenwerte_TU_19172_20200901_20241231_hist.zip","15-May-2025","09:45:22","207187"
"19207","20230401","20241231","stundenwerte_TU_19207_20230401_20241231_hist.zip","15-May-2025","09:45:18","90178"
"19856","20240801","20241231","stundenwerte_TU_19856_20240801_20241231_hist.zip","15-May-2025","09:45:13","25448"
